time;temperature;humidity;pressure;pm1;pm25;pm10
2017-01-01T03:00:00;0;51;102424;123;143;221
2017-01-01T07:00:00;0;50;102301;106;122;189
2017-01-01T11:00:00;6;38;102041;69;76;122
2017-01-01T15:00:00;4;41;101857;83;92;142
2017-01-01T19:00:00;1;49;101832;141;165;252
2017-01-01T23:00:00;0;51;101654;99;112;174
2017-01-02T03:00:00;0;50;101465;78;87;136
2017-01-02T08:00:00;3;47;101455;33;32;60
2017-01-02T12:00:00;4;48;101383;32;31;57
2017-01-02T16:00:00;3;59;101451;41;43;79
2017-01-02T20:00:00;3;57;101680;47;50;93
2017-01-03T00:00:00;3;57;101820;39;41;75
2017-01-03T04:00:00;2;55;101917;38;39;72
2017-01-03T08:00:00;3;50;101885;34;33;60
2017-01-03T12:00:00;2;61;101732;17;11;25
2017-01-03T16:00:00;3;62;101570;30;27;49
2017-01-03T20:00:00;3;59;101258;22;18;33
2017-01-04T00:00:00;1;63;100746;6;0;5
2017-01-04T04:00:00;0;70;100284;3;0;0
2017-01-04T08:00:00;3;63;100077;7;0;7
2017-01-04T12:00:00;3;57;99889;5;0;4
2017-01-04T16:00:00;3;60;99775;9;2;11
2017-01-04T20:00:00;2;63;99992;12;6;16
2017-01-05T00:00:00;1;55;100391;6;0;6
2017-01-05T04:00:00;0;58;100672;4;0;2
2017-01-05T08:00:00;-1;55;101374;8;1;10
2017-01-05T12:00:00;-1;42;101876;5;0;4
2017-01-05T16:00:00;-2;44;102354;28;25;46
2017-01-05T20:00:00;-3;48;102712;15;9;21
2017-01-06T00:00:00;-6;45;103009;6;0;7
2017-01-06T04:00:00;-7;47;103190;6;0;6
2017-01-06T08:00:00;-7;45;103438;9;2;11
2017-01-06T14:00:00;-7;42;103534;15;9;21
2017-01-06T18:00:00;-7;41;103631;32;30;53
2017-01-06T22:00:00;-10;42;103660;51;54;96
2017-01-07T02:00:00;-13;42;103592;67;73;131
2017-01-07T06:00:00;-14;42;103613;68;74;131
2017-01-07T10:00:00;-10;41;103490;41;40;69
2017-01-07T14:00:00;-9;44;103290;51;53;95
2017-01-07T18:00:00;-10;46;103156;75;81;142
2017-01-07T22:00:00;-13;45;102997;146;161;244
2017-01-08T02:00:00;-14;43;102884;163;180;275
2017-01-08T06:00:00;-15;43;102926;123;134;206
2017-01-08T10:00:00;-8;42;103001;117;131;202
2017-01-08T14:00:00;-3;39;102959;49;52;95
2017-01-08T18:00:00;-5;43;103024;66;73;129
2017-01-08T22:00:00;-6;45;102944;109;124;193
2017-01-09T02:00:00;-7;47;102896;120;137;212
2017-01-09T06:00:00;-6;47;102898;138;157;243
2017-01-09T10:00:00;-2;39;102806;83;93;148
2017-01-09T14:00:00;-2;36;102695;54;59;108
2017-01-09T18:00:00;-2;37;102639;76;83;136
2017-01-09T22:00:00;-2;42;102501;94;106;169
2017-01-10T02:00:00;-2;44;102311;70;77;132
2017-01-10T06:00:00;-4;51;102234;64;71;127
2017-01-10T10:00:00;-1;44;102126;49;53;96
2017-01-10T14:00:00;-2;47;102036;59;65;118
2017-01-10T18:00:00;-3;48;102169;105;118;183
2017-01-10T22:00:00;-6;49;102235;157;181;276
2017-01-11T02:00:00;-7;50;102325;149;171;263
2017-01-11T06:00:00;-8;47;102208;148;167;257
2017-01-11T10:00:00;-3;44;101961;148;172;266
2017-01-11T14:00:00;-2;45;101526;148;173;265
2017-01-11T18:00:00;-3;48;101072;124;142;219
2017-01-11T22:00:00;-3;48;100608;159;187;288
2017-01-12T02:00:00;-1;60;100506;11;5;15
2017-01-12T06:00:00;0;66;100584;21;17;32
2017-01-12T10:00:00;3;58;100833;24;20;37
2017-01-12T14:00:00;4;55;100916;21;16;32
2017-01-12T18:00:00;6;49;100972;39;41;76
2017-01-12T22:00:00;4;52;100739;23;19;36
2017-01-13T02:00:00;2;51;100108;29;28;50
2017-01-13T06:00:00;5;49;99705;38;39;72
2017-01-13T10:00:00;8;48;99684;12;5;15
2017-01-13T14:00:00;7;49;99672;16;10;22
2017-01-13T18:00:00;6;48;99735;18;12;26
2017-01-13T22:00:00;4;54;99785;16;10;23
2017-01-14T02:00:00;3;57;99898;8;2;11
2017-01-14T06:00:00;3;60;100030;11;5;15
2017-01-14T10:00:00;4;54;100211;24;20;37
2017-01-14T14:00:00;6;46;100359;32;30;56
2017-01-14T18:00:00;5;46;100647;35;35;64
2017-01-14T22:00:00;4;55;100917;43;45;82
2017-01-15T02:00:00;4;56;101168;30;29;53
2017-01-15T06:00:00;2;61;101356;17;11;23
2017-01-15T10:00:00;0;58;101564;23;19;35
2017-01-15T14:00:00;0;51;101693;23;19;36
2017-01-15T18:00:00;-1;48;101826;47;49;90
2017-01-15T22:00:00;-3;52;101925;65;69;115
2017-01-16T02:00:00;-2;52;101953;65;71;116
2017-01-16T06:00:00;-2;51;102071;54;56;100
2017-01-16T10:00:00;0;45;102176;29;26;47
2017-01-16T14:00:00;0;45;102288;22;18;35
2017-01-16T18:00:00;-1;47;102515;40;41;75
2017-01-16T22:00:00;-2;50;102723;66;74;129
2017-01-17T03:00:00;-2;51;102924;59;66;118
2017-01-17T08:00:00;-1;50;103223;44;47;86
2017-01-17T12:00:00;-1;52;103345;45;48;87
2017-01-17T16:00:00;-2;54;103519;36;36;63
2017-01-17T20:00:00;-4;57;103679;24;20;38
2017-01-18T00:00:00;-4;58;103793;26;23;42
2017-01-18T04:00:00;-5;61;103831;24;20;38
2017-01-18T08:00:00;-6;58;104039;15;9;22
2017-01-18T12:00:00;-5;58;104020;19;14;28
2017-01-18T16:00:00;-5;55;104065;26;23;42
2017-01-18T20:00:00;-6;57;104075;24;21;39
2017-01-19T00:00:00;-6;58;104002;18;12;27
2017-01-19T04:00:00;-6;57;103956;20;15;30
2017-01-19T08:00:00;-6;54;103992;30;28;50
2017-01-19T12:00:00;-4;47;103906;38;39;69
2017-01-19T16:00:00;-6;49;103787;46;49;89
2017-01-19T20:00:00;-9;52;103844;95;106;167
2017-01-20T00:00:00;-8;54;103739;120;135;210
2017-01-20T04:00:00;-6;55;103651;116;134;206
2017-01-20T08:00:00;-4;49;103641;117;134;208
2017-01-20T12:00:00;0;41;103498;78;88;140
2017-01-20T16:00:00;0;42;103431;53;58;106
2017-01-20T20:00:00;0;41;103392;72;81;130
2017-01-21T00:00:00;0;54;103372;46;49;91
2017-01-21T04:00:00;0;52;103302;46;49;91
2017-01-21T08:00:00;0;48;103391;60;66;114
2017-01-21T12:00:00;2;42;103301;49;52;94
2017-01-21T16:00:00;1;47;103361;78;87;136
2017-01-21T20:00:00;0;50;103436;75;83;132
2017-01-22T00:00:00;0;50;103447;43;45;84
2017-01-22T04:00:00;0;53;103365;34;34;63
2017-01-22T08:00:00;1;51;103406;32;32;59
2017-01-22T12:00:00;3;49;103237;37;38;71
2017-01-22T16:00:00;0;56;103173;44;48;88
2017-01-22T20:00:00;-2;58;103102;69;76;126
2017-01-23T00:00:00;-4;60;102992;77;88;140
2017-01-23T04:00:00;-5;59;102849;61;67;120
2017-01-23T08:00:00;-5;55;102774;70;77;129
2017-01-23T12:00:00;0;52;102511;98;113;176
2017-01-23T16:00:00;0;53;102443;119;138;214
2017-01-23T21:00:00;-4;55;102524;144;169;262
2017-01-24T01:00:00;-7;54;102553;96;110;173
2017-01-24T05:00:00;-5;55;102531;56;62;114
2017-01-24T09:00:00;-3;52;102715;46;50;91
2017-01-24T13:00:00;-3;47;102740;46;49;90
2017-01-24T17:00:00;-5;51;102859;51;54;93
2017-01-24T21:00:00;-7;88;102928;45;47;81
2017-01-25T01:00:00;-7;88;102956;58;63;107
2017-01-25T05:00:00;-6;89;102983;82;91;135
2017-01-25T10:00:00;-3;92;103088;92;102;150
2017-01-25T14:00:00;-2;94;103095;102;114;168
2017-01-25T18:00:00;0;89;103192;120;134;197
2017-01-25T22:00:00;0;90;103311;131;149;216
2017-01-26T02:00:00;0;91;103371;40;41;72
2017-01-26T07:00:00;-2;87;103477;38;38;66
2017-01-26T12:00:00;-1;85;103439;46;49;85
2017-01-26T16:00:00;-2;84;103371;54;57;96
2017-01-26T20:00:00;-6;93;103326;116;127;180
2017-01-27T00:00:00;-8;91;103267;138;154;219
2017-01-27T04:00:00;-10;88;103096;126;140;201
2017-01-27T08:00:00;-8;89;103038;119;130;186
2017-01-27T14:00:00;1;45;102739;130;145;206
2017-01-27T18:00:00;-3;77;102783;139;153;217
2017-01-27T22:00:00;-7;89;102702;181;206;292
2017-01-28T02:00:00;-9;91;102650;183;210;299
2017-01-28T06:00:00;-10;91;102641;163;186;265
2017-01-28T10:00:00;-3;67;102553;132;150;215
2017-01-28T14:00:00;0;58;102465;110;119;169
2017-01-28T18:00:00;-5;80;102505;146;166;237
2017-01-28T22:00:00;-8;89;102591;143;163;233
2017-01-29T02:00:00;-8;91;102599;86;96;139
2017-01-29T06:00:00;-10;94;102702;99;109;158
2017-01-29T11:00:00;0;63;102642;96;107;153
2017-01-29T15:00:00;-1;64;102624;107;119;172
2017-01-29T19:00:00;-5;85;102632;150;171;244
2017-01-29T23:00:00;-8;90;102604;189;218;310
2017-01-30T03:00:00;-9;88;102522;187;214;306
2017-01-30T07:00:00;-9;86;102518;165;188;268
2017-01-30T11:00:00;0;60;102295;110;123;176
2017-01-30T15:00:00;0;59;102160;135;154;221
2017-01-30T19:00:00;-5;86;102114;176;201;287
2017-01-30T23:00:00;-7;89;102074;210;248;356
2017-01-31T03:00:00;-9;90;102083;176;202;289
2017-01-31T07:00:00;-7;89;102068;141;160;232
2017-01-31T12:00:00;1;73;102001;93;102;147
2017-01-31T16:00:00;1;74;102018;54;57;96
2017-01-31T20:00:00;-1;81;102092;71;77;115
2017-02-01T00:00:00;-1;84;102190;72;79;118
2017-02-01T04:00:00;-2;86;102251;85;92;132
2017-02-01T09:00:00;0;76;102366;99;110;158
2017-02-01T13:00:00;5;48;102274;88;97;141
2017-02-01T17:00:00;0;84;102295;99;111;160
2017-02-01T21:00:00;0;86;102086;113;127;183
2017-02-02T02:00:00;3;62;101936;106;119;171
2017-02-02T06:00:00;0;71;101965;106;120;172
2017-02-02T10:00:00;3;81;101903;56;60;93
2017-02-02T14:00:00;3;84;101718;53;55;89
2017-02-02T18:00:00;0;94;101641;106;116;166
2017-02-02T22:00:00;0;94;101528;100;111;159
2017-02-03T02:00:00;1;85;101378;106;118;169
2017-02-03T06:00:00;1;89;101248;112;127;181
2017-02-03T11:00:00;3;88;101132;125;143;205
2017-02-03T15:00:00;4;88;101195;93;103;149
2017-02-03T19:00:00;2;97;101224;75;83;121
2017-02-03T23:00:00;1;88;101153;48;52;89
2017-02-04T03:00:00;1;89;101046;42;45;76
2017-02-04T07:00:00;1;92;101091;40;42;71
2017-02-04T11:00:00;1;95;101006;44;47;80
2017-02-04T15:00:00;1;96;100839;47;50;86
2017-02-04T19:00:00;1;93;100783;49;53;91
2017-02-04T23:00:00;1;94;100742;52;57;96
2017-02-05T03:00:00;1;86;100621;46;49;85
2017-02-05T07:00:00;1;94;100711;37;38;64
2017-02-05T11:00:00;2;99;100675;45;47;80
2017-02-05T15:00:00;3;93;100737;80;86;123
2017-02-05T19:00:00;3;93;100890;101;110;156
2017-02-05T23:00:00;2;84;101029;122;136;193
2017-02-06T03:00:00;1;88;101222;68;76;115
2017-02-06T07:00:00;1;93;101484;39;41;71
2017-02-06T11:00:00;0;96;101681;41;43;73
2017-02-06T15:00:00;0;89;101829;39;41;71
2017-02-06T19:00:00;0;89;101994;38;39;68
2017-02-06T23:00:00;0;90;102042;32;33;55
2017-02-07T03:00:00;-1;90;102083;33;33;55
2017-02-07T07:00:00;-2;89;102131;28;26;43
2017-02-07T11:00:00;-2;84;102151;25;23;38
2017-02-07T18:00:00;-4;85;102320;33;32;53
2017-02-07T22:00:00;-5;86;102397;30;28;46
2017-02-08T02:00:00;-6;83;102457;21;17;30
2017-02-08T06:00:00;-7;76;102613;19;14;26
2017-02-08T10:00:00;-6;78;102785;21;17;30
2017-02-08T14:00:00;-5;77;102935;28;26;41
2017-02-08T18:00:00;-5;77;103117;31;29;47
2017-02-08T22:00:00;-5;78;103252;30;28;46
2017-02-09T02:00:00;-6;84;103310;32;30;48
2017-02-09T06:00:00;-6;84;103360;31;30;48
2017-02-09T10:00:00;-5;82;103372;34;33;54
2017-02-09T14:00:00;-4;74;103303;36;37;61
2017-02-09T18:00:00;-4;78;103321;45;46;78
2017-02-09T22:00:00;-4;80;103251;44;46;76
2017-02-10T02:00:00;-3;80;103179;41;42;70
2017-02-10T06:00:00;-4;77;103192;34;33;52
2017-02-10T11:00:00;-1;73;103134;41;42;70
2017-02-10T15:00:00;0;67;103083;41;43;72
2017-02-10T19:00:00;-2;54;103135;40;37;59
2017-02-10T23:00:00;-5;55;103104;34;33;52
2017-02-11T05:00:00;-8;71;103088;26;24;38
2017-02-11T10:00:00;-3;67;103133;45;46;75
2017-02-11T14:00:00;-2;67;103064;43;45;73
2017-02-11T18:00:00;-1;47;103126;45;46;75
2017-02-11T22:00:00;-2;51;103222;43;45;73
2017-02-12T03:00:00;-4;52;103364;36;36;56
2017-02-12T07:00:00;-3;52;103531;33;32;50
2017-02-12T11:00:00;3;40;103589;36;36;60
2017-02-12T15:00:00;1;47;103558;35;35;57
2017-02-12T19:00:00;-1;52;103688;35;35;55
2017-02-12T23:00:00;-6;86;103743;38;38;62
2017-02-13T03:00:00;-5;87;103822;30;29;46
2017-02-13T07:00:00;-5;89;103900;35;35;55
2017-02-13T11:00:00;-4;84;103879;39;40;67
2017-02-13T16:00:00;-5;90;103764;45;47;78
2017-02-13T21:00:00;-6;91;103745;48;51;84
2017-02-14T01:00:00;-6;57;103697;49;53;88
2017-02-14T07:00:00;-5;56;103718;54;58;95
2017-02-14T13:00:00;2;44;103543;56;60;92
2017-02-14T17:00:00;-2;86;103611;111;124;176
2017-02-14T21:00:00;-4;83;103642;155;176;245
2017-02-15T01:00:00;-6;81;103647;176;203;283
2017-02-15T05:00:00;-6;80;103666;185;214;300
2017-02-15T09:00:00;0;82;103743;167;191;269
2017-02-15T14:00:00;4;84;103572;46;47;78
2017-02-15T18:00:00;0;85;103590;97;106;150
2017-02-15T22:00:00;-3;78;103459;131;147;204
2017-02-16T02:00:00;-4;79;103378;181;192;261
2017-02-16T06:00:00;-5;75;103252;157;178;248
2017-02-16T11:00:00;9;83;103020;85;92;129
2017-02-16T15:00:00;6;84;102849;53;56;87
2017-02-16T19:00:00;0;83;102857;65;71;101
2017-02-16T23:00:00;-1;81;102668;100;110;155
2017-02-17T03:00:00;-2;84;102424;127;145;202
2017-02-17T07:00:00;0;88;102221;124;140;196
2017-02-17T11:00:00;5;88;102085;59;62;96
2017-02-17T15:00:00;3;97;102189;38;39;64
2017-02-17T19:00:00;1;96;102306;68;74;107
2017-02-17T23:00:00;1;94;102261;77;85;121
2017-02-18T03:00:00;1;95;102208;47;49;82
2017-02-18T07:00:00;2;99;102377;40;42;71
2017-02-18T11:00:00;3;100;102449;41;43;72
2017-02-18T15:00:00;2;98;102516;51;53;86
2017-02-18T19:00:00;0;93;102643;66;71;104
2017-02-18T23:00:00;0;94;102684;89;99;141
2017-02-19T03:00:00;0;98;102636;72;79;114
2017-02-19T07:00:00;0;97;102607;55;59;94
2017-02-19T11:00:00;5;94;102478;37;37;62
2017-02-20T18:00:00;4;79;101441;31;30;49
2017-02-20T22:00:00;4;84;101103;22;20;34
2017-02-21T02:00:00;4;92;100816;6;0;7
2017-02-21T06:00:00;4;96;100737;11;7;16
2017-02-21T10:00:00;7;96;100757;13;7;16
2017-02-21T14:00:00;6;91;100704;7;2;9
2017-02-21T19:00:00;5;81;101160;16;11;21
2017-02-21T23:00:00;4;85;101319;27;25;40
2017-02-22T03:00:00;4;91;101275;17;13;23
2017-02-22T07:00:00;4;89;101042;25;23;38
2017-02-22T11:00:00;8;77;100607;4;0;4
2017-02-22T15:00:00;9;76;100370;5;0;6
2017-02-22T20:00:00;9;79;100167;6;0;7
2017-02-23T00:00:00;6;85;100373;1;0;0
2017-02-23T04:00:00;5;78;100486;1;0;0
2017-02-23T08:00:00;6;90;100572;16;11;21
2017-02-23T12:00:00;6;94;100421;28;26;43
2017-02-23T16:00:00;6;85;99988;35;34;56
2017-02-23T21:00:00;10;53;99549;8;3;11
2017-02-24T01:00:00;9;58;99410;7;2;10
2017-02-24T05:00:00;7;65;99695;0;0;-1
2017-02-24T10:00:00;6;51;100131;1;0;0
2017-02-24T16:00:00;2;68;100812;9;4;12
2017-02-24T20:00:00;0;69;101411;11;6;15
2017-02-25T00:00:00;-1;79;101728;18;14;26
2017-02-25T04:00:00;-1;82;101847;18;14;25
2017-02-25T08:00:00;0;75;102072;14;9;18
2017-02-25T12:00:00;2;59;102208;7;2;9
2017-02-25T16:00:00;1;61;102297;14;9;19
2017-02-25T20:00:00;-1;77;102358;49;51;84
2017-02-26T00:00:00;-1;82;102070;32;30;50
2017-02-26T04:00:00;0;79;101869;58;60;94
2017-02-26T08:00:00;3;59;101795;15;9;19
2017-02-26T12:00:00;6;42;101604;5;0;6
2017-02-26T16:00:00;5;44;101533;12;7;16
2017-02-26T20:00:00;4;57;101569;32;31;52
2017-02-27T00:00:00;1;72;101625;34;33;56
2017-02-27T04:00:00;1;77;101631;41;42;69
2017-02-27T08:00:00;6;44;101564;30;28;44
2017-02-27T12:00:00;14;23;101209;9;3;11
2017-02-27T16:00:00;12;32;100917;11;5;14
2017-02-27T20:00:00;10;51;100814;31;30;50
2017-02-28T00:00:00;7;64;100492;29;27;45
2017-02-28T04:00:00;1;80;100267;35;35;58
2017-02-28T08:00:00;8;62;100026;30;28;48
2017-02-28T12:00:00;11;49;100145;9;3;10
2017-02-28T16:00:00;10;52;100228;23;19;33
2017-02-28T20:00:00;8;61;100138;21;17;29
2017-03-01T00:00:00;10;55;99887;7;1;8
2017-03-01T04:00:00;5;84;100189;4;0;4
2017-03-01T08:00:00;5;81;100439;14;9;18
2017-03-01T13:00:00;7;62;100534;10;5;13
2017-03-01T17:00:00;4;63;100828;19;15;26
2017-03-01T21:00:00;2;76;100976;35;35;58
2017-03-02T01:00:00;0;90;100979;39;40;66
2017-03-02T05:00:00;0;82;100870;28;26;44
2017-03-02T09:00:00;9;57;100722;1;0;0
2017-03-02T13:00:00;10;51;100667;2;0;1
2017-03-02T17:00:00;7;48;101154;8;3;10
2017-03-02T21:00:00;5;58;101411;17;13;23
2017-03-03T01:00:00;3;79;101654;3;0;2
2017-03-03T05:00:00;3;74;101761;8;3;11
2017-03-03T09:00:00;6;54;101902;7;1;9
2017-03-03T14:00:00;9;38;101672;8;2;10
2017-03-03T18:00:00;4;65;101524;41;41;69
2017-03-03T22:00:00;0;85;101335;85;91;126
2017-03-04T02:00:00;0;76;101009;24;21;36
2017-03-04T06:00:00;1;81;100926;42;42;69
2017-03-04T10:00:00;13;48;100669;5;0;6
2017-03-04T14:00:00;15;36;100447;8;2;9
2017-03-04T18:00:00;12;46;100465;31;29;48
2017-03-04T22:00:00;10;50;100230;31;30;50
2017-03-05T02:00:00;13;40;100270;7;2;9
2017-03-05T06:00:00;10;57;100565;6;1;8
2017-03-05T10:00:00;14;47;100758;3;0;1
2017-03-05T14:00:00;14;47;100671;4;0;4
2017-03-05T18:00:00;11;60;100601;23;19;33
2017-03-05T22:00:00;7;88;100477;19;15;25
2017-03-06T02:00:00;5;90;100296;9;4;12
2017-03-06T06:00:00;4;89;100334;5;0;6
2017-03-06T10:00:00;6;84;100384;19;15;27
2017-03-06T14:00:00;8;65;100311;12;7;16
2017-03-06T18:00:00;5;76;100369;33;32;54
2017-03-06T22:00:00;2;89;100436;43;44;73
2017-03-07T02:00:00;1;89;100534;87;94;131
2017-03-07T06:00:00;2;91;100753;35;35;58
2017-03-07T10:00:00;7;75;100945;8;3;10
2017-03-07T14:00:00;8;59;101137;8;3;10
2017-03-07T18:00:00;5;77;101539;34;33;55
2017-03-07T22:00:00;3;87;101920;54;57;92
2017-03-08T02:00:00;4;83;102194;25;23;39
2017-03-08T06:00:00;2;88;102531;23;21;35
2017-03-08T10:00:00;4;68;102637;21;19;32
2017-03-08T14:00:00;6;77;102490;31;31;53
2017-03-08T18:00:00;3;81;102385;40;41;69
2017-03-08T22:00:00;0;87;102168;54;58;95
2017-03-09T02:00:00;-1;93;101893;51;55;92
2017-03-09T06:00:00;0;87;101808;49;53;89
2017-03-09T11:00:00;4;86;101841;48;51;84
2017-03-09T15:00:00;5;84;101834;30;29;47
2017-03-09T19:00:00;4;90;101817;49;52;84
2017-03-09T23:00:00;1;91;101610;58;62;97
2017-03-10T03:00:00;1;93;101433;53;57;93
2017-03-10T07:00:00;3;87;101600;43;44;74
2017-03-10T11:00:00;6;64;101794;26;24;39
2017-03-10T15:00:00;5;70;102019;30;29;49
2017-03-10T19:00:00;5;82;102325;39;40;67
2017-03-10T23:00:00;4;88;102394;41;44;74
2017-03-11T03:00:00;3;91;102396;36;37;63
2017-03-11T07:00:00;3;79;102478;10;6;15
2017-03-11T11:00:00;7;50;102369;8;3;11
2017-03-11T15:00:00;6;45;102239;13;8;16
2017-03-11T19:00:00;2;67;102316;22;19;31
2017-03-11T23:00:00;2;71;102254;27;24;39
2017-03-12T03:00:00;1;78;102171;29;27;44
2017-03-12T07:00:00;2;91;102190;32;31;52
2017-03-12T11:00:00;5;91;102168;30;29;50
2017-03-12T15:00:00;5;60;102153;19;15;26
2017-03-12T19:00:00;3;65;102283;27;25;39
2017-03-13T00:00:00;2;67;102355;27;26;41
2017-03-13T04:00:00;1;72;102450;25;23;38
2017-03-13T08:00:00;2;72;102635;30;29;47
2017-03-13T12:00:00;4;72;102657;24;22;36
2017-03-13T16:00:00;4;73;102681;28;26;42
2017-03-13T20:00:00;4;78;102758;42;43;71
2017-03-14T00:00:00;3;83;102784;66;71;103
2017-03-14T04:00:00;1;92;102798;95;105;149
2017-03-14T08:00:00;3;84;102962;76;84;119
2017-03-14T12:00:00;8;49;102842;37;38;64
2017-03-14T16:00:00;7;51;102826;42;45;74
2017-03-14T20:00:00;1;76;102887;85;93;131
2017-03-15T00:00:00;0;83;102826;119;134;189
2017-03-15T04:00:00;2;80;102664;90;101;143
2017-03-15T09:00:00;5;90;102562;42;44;74
2017-03-15T13:00:00;9;76;102379;39;40;68
2017-03-15T17:00:00;7;41;102518;17;12;22
2017-03-15T21:00:00;2;69;102583;38;38;64
2017-03-16T01:00:00;0;84;102462;60;64;97
2017-03-16T05:00:00;1;82;102340;33;32;53
2017-03-16T09:00:00;6;51;102237;5;0;6
2017-03-16T13:00:00;9;43;102114;4;0;4
2017-03-16T17:00:00;7;51;102171;26;24;38
2017-03-16T21:00:00;3;71;102202;29;27;45
2017-03-17T01:00:00;0;91;102116;47;49;81
2017-03-17T05:00:00;-1;90;101904;45;47;77
2017-03-17T09:00:00;8;75;101581;20;16;28
2017-03-17T13:00:00;12;43;101160;15;10;21
2017-03-17T18:00:00;8;59;100817;34;34;57
2017-03-17T22:00:00;5;78;100932;8;4;12
2017-03-18T02:00:00;3;90;100880;20;17;29
2017-03-18T06:00:00;3;89;100609;23;21;34
2017-03-18T10:00:00;4;81;100250;17;13;23
2017-03-18T14:00:00;6;80;99876;9;5;13
2017-03-18T18:00:00;5;72;99946;7;2;9
2017-03-18T22:00:00;3;62;100321;4;0;5
2017-03-19T02:00:00;1;80;100575;7;2;10
2017-03-19T06:00:00;1;71;100835;5;0;7
2017-03-19T10:00:00;6;52;100954;6;1;8
2017-03-19T14:00:00;7;35;100932;5;0;6
2017-03-19T18:00:00;5;52;100898;19;16;28
2017-03-19T22:00:00;2;89;100697;18;14;24
2017-03-20T02:00:00;3;97;100527;24;21;35
2017-03-20T06:00:00;8;84;100809;21;18;31
2017-03-20T10:00:00;10;79;101008;20;16;27
2017-03-20T15:00:00;11;67;101121;14;10;19
2017-03-20T19:00:00;8;88;101099;51;52;80
2017-03-20T23:00:00;5;96;101009;34;34;57
2017-03-21T03:00:00;4;92;100938;68;71;100
2017-03-21T12:00:00;14;54;101119;14;9;19
2017-03-21T16:00:00;12;63;101143;20;17;29
2017-03-21T20:00:00;8;83;101251;57;58;86
2017-03-22T00:00:00;7;87;101286;98;104;144
2017-03-22T04:00:00;6;93;101449;93;100;139
2017-03-22T08:00:00;7;93;101606;69;73;107
2017-03-22T12:00:00;4;89;101794;18;13;21
2017-03-22T16:00:00;3;91;102053;17;15;25
2017-03-22T20:00:00;4;85;102155;16;13;22
2017-03-23T00:00:00;3;92;102112;25;21;35
2017-03-23T04:00:00;3;96;102051;24;23;38
2017-03-23T10:00:00;5;92;102018;27;26;45
2017-03-23T14:00:00;6;91;101881;27;26;45
2017-03-23T18:00:00;7;93;101985;43;44;73
2017-03-23T22:00:00;7;93;102098;33;34;58
2017-03-24T02:00:00;7;93;102282;41;44;74
2017-03-24T06:00:00;7;92;102527;41;43;73
2017-03-24T10:00:00;7;78;102826;32;32;55
2017-03-24T14:00:00;7;71;102917;24;22;37
2017-03-24T18:00:00;5;87;103062;48;50;80
2017-03-24T22:00:00;0;91;103072;89;94;131
2017-03-25T02:00:00;-1;97;103006;82;87;123
2017-03-25T06:00:00;0;89;102924;68;72;104
2017-03-25T10:00:00;10;68;102633;41;41;69
2017-03-25T14:00:00;10;37;102250;14;12;20
2017-03-25T18:00:00;7;50;102110;33;32;55
2017-03-25T22:00:00;4;78;102166;13;11;19
2017-03-26T02:00:00;1;74;102242;10;10;16
2017-03-26T06:00:00;1;73;102458;9;8;14
2017-03-26T10:00:00;4;61;102656;6;6;10
2017-03-26T14:00:00;6;50;102641;8;7;12
2017-03-26T18:00:00;3;72;102721;23;20;32
2017-03-26T22:00:00;0;87;102806;59;61;95
2017-03-27T02:00:00;0;89;102755;63;66;99
2017-03-27T06:00:00;1;82;102773;53;55;89
2017-03-27T10:00:00;12;49;102680;31;30;51
2017-03-27T14:00:00;14;36;102462;16;14;22
2017-03-27T18:00:00;9;58;102473;31;30;51
2017-03-27T22:00:00;5;76;102425;62;65;94
2017-03-28T02:00:00;3;86;102320;60;62;93
2017-03-28T06:00:00;5;77;102326;47;48;79
2017-03-28T10:00:00;19;67;102272;20;18;31
2017-03-28T14:00:00;20;40;102096;19;17;28
2017-03-28T18:00:00;15;52;102133;37;35;58
2017-03-28T22:00:00;9;69;102202;80;83;116
2017-03-29T02:00:00;6;77;102122;85;88;123
2017-03-29T06:00:00;8;71;102172;72;74;103
2017-03-29T10:00:00;19;44;102148;25;24;43
2017-03-29T14:00:00;15;54;101920;18;16;26
2017-03-29T18:00:00;12;65;102157;14;12;20
2017-03-29T22:00:00;9;76;102354;14;12;21
2017-03-30T02:00:00;8;81;102455;20;18;30
2017-03-30T06:00:00;9;84;102649;28;26;47
2017-03-30T10:00:00;11;76;102769;31;30;53
2017-03-30T14:00:00;14;54;102695;22;20;33
2017-03-30T18:00:00;10;75;102772;33;32;54
2017-03-30T22:00:00;5;91;102762;71;75;105
2017-03-31T02:00:00;3;94;102649;90;96;134
2017-03-31T06:00:00;6;91;102604;66;69;98
2017-03-31T10:00:00;27;44;102443;20;17;30
2017-03-31T16:00:00;19;45;102053;15;12;20
2017-03-31T20:00:00;11;75;102048;43;41;67
2017-04-01T00:00:00;7;92;101993;47;47;77
2017-04-01T04:00:00;4;94;101929;56;57;88
2017-04-01T08:00:00;18;58;101893;24;21;38
2017-04-01T12:00:00;22;33;101642;15;13;21
2017-04-01T16:00:00;21;36;101429;14;12;20
2017-04-01T20:00:00;13;58;101561;34;33;57
2017-04-02T00:00:00;8;80;101611;47;46;75
2017-04-02T04:00:00;5;89;101628;36;35;60
2017-04-02T08:00:00;22;45;101737;14;12;19
2017-04-02T12:00:00;24;33;101692;22;19;34
2017-04-02T16:00:00;21;34;101735;20;17;29
2017-04-02T20:00:00;13;60;101965;31;30;51
2017-04-03T00:00:00;10;83;102182;35;35;60
2017-04-03T04:00:00;7;94;102279;42;43;71
2017-04-03T08:00:00;14;71;102399;18;16;26
2017-04-03T12:00:00;17;51;102281;14;12;20
2017-04-03T17:00:00;11;67;102417;14;12;20
2017-04-03T21:00:00;9;74;102424;15;13;22
2017-04-04T01:00:00;7;87;102274;22;19;32
2017-04-04T05:00:00;7;90;102280;29;28;47
2017-04-04T09:00:00;17;70;102262;27;25;45
2017-04-04T13:00:00;19;54;102065;27;25;43
2017-04-04T17:00:00;15;54;102025;14;12;20
2017-04-04T21:00:00;12;66;102088;21;18;30
2017-04-05T01:00:00;9;75;101957;23;20;32
2017-04-05T05:00:00;6;92;101960;27;25;42
2017-04-05T09:00:00;16;80;101922;40;39;61
2017-04-05T13:00:00;18;54;101562;26;24;44
2017-04-05T17:00:00;11;77;101549;27;25;44
2017-04-05T21:00:00;10;88;101478;40;42;73
2017-04-06T01:00:00;8;90;101361;26;26;45
2017-04-06T05:00:00;5;86;101459;20;19;32
2017-04-06T09:00:00;7;66;101526;2;2;4
2017-04-06T13:00:00;5;85;101475;6;6;10
2017-04-06T17:00:00;4;83;101711;12;10;16
2017-04-06T21:00:00;3;90;101826;28;26;43
2017-04-07T01:00:00;4;80;101682;33;32;54
2017-04-07T05:00:00;2;91;101648;13;12;19
2017-04-07T09:00:00;3;93;101579;26;24;40
2017-04-07T13:00:00;7;87;101468;11;9;15
2017-04-07T18:00:00;6;92;101590;21;19;31
2017-04-07T22:00:00;6;92;101666;20;18;30
2017-04-08T02:00:00;7;90;101701;23;21;35
2017-04-08T06:00:00;7;86;101972;8;8;13
2017-04-08T10:00:00;13;66;102107;8;7;11
2017-04-08T14:00:00;12;56;102209;11;9;16
2017-04-08T18:00:00;10;68;102392;22;19;32
2017-04-08T22:00:00;6;89;102617;29;28;48
2017-04-09T03:00:00;4;94;102701;36;36;61
2017-04-09T07:00:00;10;82;102830;28;26;47
2017-04-09T11:00:00;13;59;102770;20;18;29
2017-04-09T15:00:00;14;51;102594;22;19;33
2017-04-09T19:00:00;9;81;102605;35;35;59
2017-04-09T23:00:00;4;94;102511;55;57;88
2017-04-10T03:00:00;3;94;102320;53;55;88
2017-04-10T07:00:00;12;73;102166;24;22;38
2017-04-10T11:00:00;20;54;101903;10;8;13
2017-04-10T15:00:00;19;43;101513;10;9;14
2017-04-10T19:00:00;13;64;101447;21;19;31
2017-04-10T23:00:00;12;63;101458;27;25;44
2017-04-11T03:00:00;10;91;101545;23;22;38
2017-04-11T07:00:00;6;81;101897;12;10;17
2017-04-11T11:00:00;8;70;102009;4;4;6
2017-04-11T15:00:00;7;52;102077;5;4;7
2017-04-11T19:00:00;6;58;102234;13;11;19
2017-04-11T23:00:00;5;75;102230;26;24;40
2017-04-12T03:00:00;4;81;102081;25;22;37
2017-04-12T07:00:00;9;62;101956;10;8;14
2017-04-12T11:00:00;9;60;101734;5;5;8
2017-04-12T15:00:00;11;55;101327;8;7;11
2017-04-12T19:00:00;8;66;101147;25;23;39
2017-04-12T23:00:00;7;87;100947;12;10;18
2017-04-13T03:00:00;7;88;100789;10;9;15
2017-04-13T08:00:00;8;99;100928;16;14;24
2017-04-13T12:00:00;8;97;100948;9;8;13
2017-04-13T16:00:00;9;66;101045;6;6;10
2017-04-13T20:00:00;6;71;101244;22;19;32
2017-04-14T00:00:00;5;81;101234;27;25;42
2017-04-14T04:00:00;5;84;101283;20;18;30
2017-04-14T08:00:00;8;73;101363;17;15;25
2017-04-14T12:00:00;9;84;101405;7;6;11
2017-04-14T16:00:00;10;43;101448;5;4;8
2017-04-14T20:00:00;5;68;101609;26;24;40
2017-04-15T00:00:00;3;86;101582;41;42;71
2017-04-15T04:00:00;3;87;101504;40;41;69
2017-04-15T08:00:00;9;68;101445;27;25;43
2017-04-15T12:00:00;12;52;101219;15;13;21
2017-04-15T16:00:00;12;53;101005;15;13;22
2017-04-15T20:00:00;8;74;100984;25;23;38
2017-04-16T00:00:00;6;79;101128;10;8;14
2017-04-16T04:00:00;3;92;101222;7;6;10
2017-04-16T08:00:00;9;57;101270;10;8;13
2017-04-16T12:00:00;9;51;101303;3;3;5
2017-04-16T16:00:00;5;81;101555;7;7;11
2017-04-16T20:00:00;4;87;101701;29;28;48
2017-04-17T00:00:00;3;88;101705;12;10;17
2017-04-17T04:00:00;2;94;101674;27;25;41
2017-04-17T08:00:00;6;70;101684;28;26;45
2017-04-17T12:00:00;8;63;101489;17;15;26
2017-04-17T16:00:00;7;69;101370;11;9;15
2017-04-17T20:00:00;4;86;101412;13;11;18
2017-04-18T00:00:00;3;92;101288;11;9;15
2017-04-18T04:00:00;1;91;101287;14;12;20
2017-04-18T08:00:00;0;98;101415;12;10;16
2017-04-18T12:00:00;1;92;101540;14;11;19
2017-04-18T16:00:00;1;94;101648;15;13;21
2017-04-18T20:00:00;0;97;101807;15;12;20
2017-04-19T00:00:00;0;97;101802;11;9;15
2017-04-19T04:00:00;0;85;101884;9;8;13
2017-04-19T08:00:00;0;96;102077;14;12;19
2017-04-19T12:00:00;2;90;102159;23;21;35
2017-04-19T16:00:00;4;60;102259;12;10;17
2017-04-19T20:00:00;3;58;102485;13;11;19
2017-04-20T00:00:00;1;64;102562;6;6;10
2017-04-20T04:00:00;0;64;102712;6;5;9
2017-04-20T08:00:00;1;54;102865;10;9;15
2017-04-20T12:00:00;3;50;102899;11;10;16
2017-04-20T16:00:00;1;53;102987;13;11;19
2017-04-20T20:00:00;2;61;103042;32;32;53
2017-04-21T00:00:00;0;73;102934;37;37;62
2017-04-21T04:00:00;0;76;102856;41;43;71
2017-04-21T08:00:00;8;68;102699;30;29;51
2017-04-21T12:00:00;8;48;102457;23;21;35
2017-04-21T16:00:00;8;49;102174;23;20;34
2017-04-21T20:00:00;7;59;102044;33;32;54
2017-04-22T00:00:00;6;66;101706;28;26;43
2017-04-22T04:00:00;7;66;101518;27;25;42
2017-04-22T08:00:00;5;79;101643;7;6;11
2017-04-22T12:00:00;9;62;101462;11;10;16
2017-04-22T16:00:00;8;44;101427;6;5;10
2017-04-22T20:00:00;2;89;101571;14;12;19
2017-04-23T00:00:00;1;82;101475;26;24;39
2017-04-23T04:00:00;2;89;101526;15;13;23
2017-04-23T08:00:00;8;88;101697;5;5;8
2017-04-23T12:00:00;8;52;101681;2;2;4
2017-04-23T16:00:00;7;53;101752;8;7;12
2017-04-23T20:00:00;2;89;101970;12;10;17
2017-04-24T00:00:00;2;89;101987;17;15;25
2017-04-24T04:00:00;1;93;102032;15;13;22
2017-04-24T08:00:00;5;84;102074;10;9;15
2017-04-24T12:00:00;9;52;101891;11;9;14
2017-04-24T16:00:00;10;51;101625;9;8;13
2017-04-24T20:00:00;5;66;101472;26;23;38
2017-04-25T00:00:00;1;74;101239;40;40;68
2017-04-25T04:00:00;2;81;100994;30;28;47
2017-04-25T08:00:00;18;64;100758;10;9;14
2017-04-25T12:00:00;18;42;100739;9;7;12
2017-04-25T16:00:00;12;77;100823;14;12;19
2017-04-25T20:00:00;10;93;100853;22;20;33
2017-04-26T00:00:00;9;88;100873;29;28;49
2017-04-26T04:00:00;5;93;101076;12;11;19
2017-04-26T08:00:00;5;90;101149;11;10;16
2017-04-26T13:00:00;5;92;101184;16;14;24
2017-04-26T17:00:00;5;92;101208;24;22;37
2017-04-26T21:00:00;3;99;101278;25;24;40
2017-04-27T01:00:00;3;101;101266;16;15;26
2017-04-27T05:00:00;2;107;101314;9;9;15
2017-04-27T10:00:00;4;93;101451;7;6;10
2017-04-27T14:00:00;4;92;101589;13;11;18
2017-04-27T18:00:00;3;96;101651;24;21;36
2017-04-27T22:00:00;3;98;101465;15;13;23
2017-04-28T04:00:00;4;92;100933;9;9;15
2017-04-28T08:00:00;5;93;100881;16;15;24
2017-04-28T12:00:00;6;88;100942;13;11;17
2017-04-28T16:00:00;5;100;100978;30;29;48
2017-04-28T20:00:00;4;100;100965;34;33;55
2017-04-29T00:00:00;3;90;101246;19;17;28
2017-04-29T04:00:00;3;92;101525;14;12;21
2017-04-29T08:00:00;5;82;101810;21;19;32
2017-04-29T12:00:00;9;64;101806;26;24;40
2017-04-29T16:00:00;9;57;101772;23;20;34
2017-04-29T20:00:00;6;84;101889;45;45;74
2017-04-30T00:00:00;3;94;101997;50;51;81
2017-04-30T04:00:00;3;97;102150;64;66;95
2017-04-30T08:00:00;6;85;102052;22;20;32
2017-04-30T12:00:00;17;71;102219;18;20;26
2017-04-30T16:00:00;16;72;102087;17;20;26
2017-04-30T20:00:00;15;83;102112;38;44;65
2017-05-01T00:00:00;13;89;102065;39;45;66
2017-05-01T04:00:00;11;97;102068;37;44;65
2017-05-01T08:00:00;22;63;101928;8;9;11
2017-05-01T12:00:00;20;72;101804;6;7;9
2017-05-01T16:00:00;16;82;101728;14;16;21
2017-05-01T20:00:00;9;81;101837;17;19;25
2017-05-02T00:00:00;6;94;101879;15;16;21
2017-05-02T04:00:00;6;94;101903;16;18;24
2017-05-02T08:00:00;11;85;101886;20;22;29
2017-05-02T12:00:00;15;80;101883;17;20;25
2017-05-02T17:00:00;14;88;102023;26;30;42
2017-05-02T21:00:00;11;94;102148;31;36;52
2017-05-03T01:00:00;11;94;102184;27;31;42
2017-05-03T05:00:00;11;90;102208;23;26;34
2017-05-03T09:00:00;12;85;102212;26;31;43
2017-05-03T13:00:00;14;88;102103;27;32;46
2017-05-03T17:00:00;13;88;102019;27;31;43
2017-05-03T21:00:00;11;94;101838;30;35;50
2017-05-04T01:00:00;11;94;101647;27;32;44
2017-05-04T05:00:00;11;100;101599;29;34;49
2017-05-04T09:00:00;14;94;101664;28;33;48
2017-05-04T13:00:00;13;100;101656;24;27;36
2017-05-04T17:00:00;15;92;101657;24;28;38
2017-05-04T21:00:00;11;100;101753;37;43;63
2017-05-05T01:00:00;9;97;101751;34;40;59
2017-05-05T05:00:00;10;100;101801;29;33;47
2017-05-05T09:00:00;19;88;101854;24;27;39
2017-05-05T13:00:00;18;82;101752;21;23;31
2017-05-05T17:00:00;17;79;101693;16;19;25
2017-05-05T21:00:00;15;90;101673;24;28;37
2017-05-06T01:00:00;14;100;101547;24;29;40
2017-05-06T05:00:00;14;100;101538;25;29;40
2017-05-06T09:00:00;16;94;101557;29;33;48
2017-05-06T13:00:00;17;88;101415;26;31;45
2017-05-06T17:00:00;16;88;101279;29;34;49
2017-05-06T21:00:00;15;94;101134;38;44;66
2017-05-07T01:00:00;13;97;101000;41;49;72
2017-05-07T05:00:00;14;97;100963;37;44;67
2017-05-07T09:00:00;15;88;101050;28;33;48
2017-05-07T13:00:00;18;73;100898;19;22;28
2017-05-07T17:00:00;15;73;100885;12;12;16
2017-05-07T21:00:00;11;85;100973;18;21;27
2017-05-08T01:00:00;10;92;100924;14;15;20
2017-05-08T05:00:00;9;90;101000;12;13;17
2017-05-08T12:00:00;14;73;101029;15;16;21
2017-05-08T16:00:00;12;73;101121;13;14;18
2017-05-08T20:00:00;9;85;101350;17;19;24
2017-05-09T00:00:00;6;81;101487;6;7;9
2017-05-09T04:00:00;4;76;101616;3;4;5
2017-05-09T08:00:00;7;74;101656;9;10;12
2017-05-09T12:00:00;9;64;101551;6;7;9
2017-05-09T16:00:00;8;64;101530;6;7;9
2017-05-09T20:00:00;4;82;101628;17;19;25
2017-05-10T00:00:00;2;79;101589;30;34;48
2017-05-10T04:00:00;1;94;101577;39;46;67
2017-05-10T08:00:00;10;70;101499;14;16;21
2017-05-10T12:00:00;11;58;101318;6;7;9
2017-05-10T16:00:00;11;67;101182;9;10;12
2017-05-10T20:00:00;7;77;101121;33;37;53
2017-05-11T01:00:00;4;75;101019;44;50;75
2017-05-11T05:00:00;11;78;100972;29;32;46
2017-05-11T09:00:00;21;63;100947;8;8;10
2017-05-11T13:00:00;22;54;100787;9;10;12
2017-05-11T17:00:00;20;48;100697;11;12;15
2017-05-11T21:00:00;12;82;100736;28;32;44
2017-05-12T01:00:00;10;92;100677;32;36;52
2017-05-12T05:00:00;11;92;100655;28;32;44
2017-05-12T09:00:00;14;92;100697;27;30;41
2017-05-12T13:00:00;18;80;100702;15;17;21
2017-05-12T17:00:00;16;84;100789;14;14;19
2017-05-12T21:00:00;14;90;100917;26;30;42
2017-05-13T01:00:00;13;94;100912;29;34;49
2017-05-13T05:00:00;13;100;101009;27;32;46
2017-05-13T09:00:00;13;97;101214;28;34;49
2017-05-13T13:00:00;14;88;101373;18;20;26
2017-05-13T17:00:00;15;92;101539;31;36;53
2017-05-13T21:00:00;13;100;101724;41;47;69
2017-05-14T01:00:00;11;100;101858;28;33;47
2017-05-14T05:00:00;14;92;102068;24;28;38
2017-05-14T09:00:00;21;72;102258;12;13;16
2017-05-14T13:00:00;21;55;102242;9;10;12
2017-05-14T17:00:00;20;60;102269;11;12;15
2017-05-14T21:00:00;13;85;102424;27;30;42
2017-05-15T01:00:00;10;94;102503;24;27;36
2017-05-15T05:00:00;15;82;102596;28;31;45
2017-05-15T09:00:00;24;65;102691;16;17;21
2017-05-15T13:00:00;20;59;102664;20;18;30
2017-05-15T17:00:00;16;81;102737;21;19;31
2017-05-15T21:00:00;13;94;102888;28;26;46
2017-05-16T01:00:00;10;94;102915;30;30;53
2017-05-16T05:00:00;11;97;102998;36;37;63
2017-05-16T09:00:00;17;88;103009;30;29;52
2017-05-16T13:00:00;16;80;102930;16;14;22
2017-05-16T17:00:00;14;82;102886;13;11;18
2017-05-16T21:00:00;10;97;102962;27;25;43
2017-05-17T01:00:00;9;94;102921;36;36;62
2017-05-17T05:00:00;12;92;102933;32;31;53
2017-05-17T09:00:00;22;66;102831;13;11;19
2017-05-17T13:00:00;21;49;102599;10;8;13
2017-05-17T17:00:00;18;51;102425;8;7;11
2017-05-17T21:00:00;11;82;102360;21;18;29
2017-05-18T01:00:00;9;90;102235;22;19;30
2017-05-18T05:00:00;13;88;102197;28;26;46
2017-05-18T09:00:00;23;65;102066;14;12;19
2017-05-18T13:00:00;23;48;101878;13;11;18
2017-05-18T17:00:00;21;49;101752;10;8;13
2017-05-18T21:00:00;15;64;101737;13;11;18
2017-05-19T01:00:00;11;80;101677;15;13;21
2017-05-19T05:00:00;15;74;101679;22;19;32
2017-05-19T09:00:00;26;55;101586;17;15;24
2017-05-19T13:00:00;25;51;101371;14;12;19
2017-05-19T17:00:00;22;54;101254;16;14;22
2017-05-19T21:00:00;17;65;101308;18;15;25
2017-05-20T01:00:00;13;86;101366;20;17;27
2017-05-20T05:00:00;17;76;101430;21;19;31
2017-05-20T09:00:00;24;71;101505;16;14;23
2017-05-20T13:00:00;20;78;101581;28;26;46
2017-05-20T17:00:00;16;80;101771;21;20;34
2017-05-20T21:00:00;14;92;101956;20;18;30
2017-05-21T01:00:00;12;94;102000;20;18;30
2017-05-21T05:00:00;12;92;102112;22;19;32
2017-05-21T09:00:00;12;84;102267;15;13;21
2017-05-21T14:00:00;17;79;102064;7;6;10
2017-05-21T18:00:00;14;86;102169;9;8;14
2017-05-21T22:00:00;14;74;102200;10;9;15
2017-05-22T02:00:00;13;78;102192;11;10;16
2017-05-22T06:00:00;25;59;102166;7;6;10
2017-05-22T10:00:00;20;58;102102;5;4;8
2017-05-22T14:00:00;21;58;101940;11;9;14
2017-05-22T18:00:00;19;61;101848;13;11;18
2017-05-22T22:00:00;13;90;101845;26;23;41
2017-05-23T02:00:00;12;94;101800;27;25;42
2017-05-23T06:00:00;20;81;101805;25;22;40
2017-05-23T10:00:00;25;60;101689;15;12;20
2017-05-23T14:00:00;17;86;101611;22;19;33
2017-05-23T18:00:00;15;92;101681;19;16;26
2017-05-23T22:00:00;12;94;101682;14;12;20
2017-05-24T02:00:00;12;97;101501;20;17;29
2017-05-24T06:00:00;13;94;101588;27;24;43
2017-05-24T10:00:00;14;92;101571;23;21;36
2017-05-24T14:00:00;13;78;101690;16;13;23
2017-05-24T18:00:00;11;74;101792;11;9;15
2017-05-24T22:00:00;10;85;101752;9;8;13
2017-05-25T02:00:00;9;94;101672;11;10;16
2017-05-25T06:00:00;11;93;101813;8;7;12
2017-05-25T10:00:00;13;90;101974;25;23;42
2017-05-25T14:00:00;15;86;101913;29;28;50
2017-05-25T18:00:00;15;64;101947;10;8;13
2017-05-25T22:00:00;10;92;102058;23;20;34
2017-05-26T02:00:00;10;94;102025;28;26;45
2017-05-26T06:00:00;13;92;102031;27;24;43
2017-05-26T10:00:00;18;64;101991;10;8;13
2017-05-26T14:00:00;18;56;101896;10;8;13
2017-05-26T18:00:00;17;62;101883;12;9;15
2017-05-26T22:00:00;12;97;102051;15;13;21
2017-05-27T02:00:00;10;94;102175;18;15;25
2017-05-27T06:00:00;14;84;102339;17;15;24
2017-05-27T10:00:00;20;65;102469;6;5;9
2017-05-27T14:00:00;19;53;102407;4;4;7
2017-05-27T18:00:00;17;59;102434;11;8;14
2017-05-27T22:00:00;11;90;102572;27;24;42
2017-05-28T02:00:00;9;94;102624;28;25;43
2017-05-28T06:00:00;20;72;102669;16;14;23
2017-05-28T10:00:00;24;64;102539;5;4;6
2017-05-28T14:00:00;24;42;102321;3;3;4
2017-05-28T18:00:00;20;56;102185;8;6;10
2017-05-28T22:00:00;14;86;102133;18;15;23
2017-05-29T02:00:00;10;92;101995;17;14;23
2017-05-29T06:00:00;21;72;101891;8;6;10
2017-05-29T10:00:00;27;57;101760;6;5;8
2017-05-29T14:00:00;26;45;101551;6;5;8
2017-05-29T18:00:00;22;59;101440;13;11;17
2017-05-29T22:00:00;19;67;101467;24;20;36
2017-05-30T02:00:00;15;88;101439;21;18;30
2017-05-30T06:00:00;21;73;101471;18;15;25
2017-05-30T10:00:00;30;60;101417;15;12;20
2017-05-30T14:00:00;27;61;101264;17;14;22
2017-05-30T18:00:00;18;90;101666;11;9;16
2017-05-30T22:00:00;17;92;101508;21;18;31
2017-05-31T02:00:00;16;94;101534;4;3;6
2017-05-31T06:00:00;20;84;101716;11;9;15
2017-05-31T10:00:00;20;77;101851;22;20;35
2017-05-31T14:00:00;23;57;101753;15;12;20
2017-05-31T18:00:00;19;66;101807;12;10;17
2017-05-31T22:00:00;14;84;101908;16;13;22
2017-06-01T02:00:00;12;88;101926;19;16;26
2017-06-01T06:00:00;21;65;102011;8;6;10
2017-06-01T10:00:00;23;44;102065;2;2;3
2017-06-01T14:00:00;22;25;101969;1;1;2
2017-06-01T18:00:00;18;41;101971;4;3;6
2017-06-01T22:00:00;11;73;102085;14;12;20
2017-06-02T02:00:00;8;88;102014;25;23;38
2017-06-02T06:00:00;17;70;102038;15;13;21
2017-06-02T10:00:00;25;50;101948;5;5;7
2017-06-02T14:00:00;24;29;101776;3;3;5
2017-06-02T18:00:00;20;39;101739;4;3;6
2017-06-02T22:00:00;12;78;101838;16;14;22
2017-06-03T02:00:00;9;85;101818;19;16;25
2017-06-03T06:00:00;20;66;101927;21;19;33
2017-06-03T11:00:00;25;44;101822;5;4;7
2017-06-03T15:00:00;23;42;101658;6;5;9
2017-06-03T19:00:00;18;55;101619;15;12;20
2017-06-03T23:00:00;14;75;101498;10;9;14
2017-06-04T04:00:00;13;85;101331;21;18;30
2017-06-04T08:00:00;28;62;101194;16;13;21
2017-06-04T12:00:00;27;46;100988;16;13;21
2017-06-04T16:00:00;20;75;101104;10;9;14
2017-06-04T20:00:00;16;92;101430;9;7;12
2017-06-05T00:00:00;14;94;101568;11;9;15
2017-06-05T04:00:00;14;90;101747;20;18;29
2017-06-05T08:00:00;20;74;101794;12;10;16
2017-06-05T12:00:00;22;53;101714;11;9;15
2017-06-05T16:00:00;21;50;101561;10;8;13
2017-06-05T20:00:00;17;71;101579;20;18;30
2017-06-06T00:00:00;14;88;101431;19;16;27
2017-06-06T04:00:00;14;89;101283;23;21;36
2017-06-06T08:00:00;24;73;101114;15;13;22
2017-06-06T12:00:00;28;51;100794;13;11;18
2017-06-06T16:00:00;27;42;100576;12;9;16
2017-06-06T20:00:00;20;75;100792;19;17;27
2017-06-07T00:00:00;16;92;100943;6;5;9
2017-06-07T04:00:00;13;89;101355;1;1;2
2017-06-07T08:00:00;21;69;101569;2;2;3
2017-06-07T12:00:00;20;50;101674;1;1;2
2017-06-07T16:00:00;19;39;101722;0;0;1
2017-06-07T20:00:00;15;68;101893;7;6;10
2017-06-08T00:00:00;12;77;102094;10;8;13
2017-06-08T04:00:00;11;82;102196;9;7;12
2017-06-08T08:00:00;21;61;102178;4;3;5
2017-06-08T12:00:00;22;49;102111;4;3;5
2017-06-08T16:00:00;20;41;102006;3;3;5
2017-06-08T20:00:00;14;75;102105;20;17;27
2017-06-09T00:00:00;10;88;102099;16;14;22
2017-06-09T04:00:00;10;87;102078;17;15;24
2017-06-09T08:00:00;24;56;102059;9;7;12
2017-06-09T12:00:00;24;42;101861;6;5;8
2017-06-09T16:00:00;23;41;101692;6;5;9
2017-06-09T20:00:00;18;57;101704;15;12;20
2017-06-10T00:00:00;13;81;101661;18;15;24
2017-06-10T04:00:00;14;80;101665;20;17;28
2017-06-10T08:00:00;24;70;101758;20;18;31
2017-06-10T12:00:00;15;78;102027;1;0;1
2017-06-10T16:00:00;15;83;102102;10;9;14
2017-06-10T20:00:00;13;94;102198;17;15;24
2017-06-11T00:00:00;12;94;102245;24;22;37
2017-06-11T04:00:00;12;97;102331;27;26;45
2017-06-11T09:00:00;21;64;102293;10;8;12
2017-06-11T13:00:00;23;49;102107;12;10;15
2017-06-11T17:00:00;21;49;101913;10;8;12
2017-06-11T21:00:00;14;82;101880;16;14;22
2017-06-12T01:00:00;11;92;101730;22;19;31
2017-06-12T05:00:00;14;86;101538;27;24;42
2017-06-12T09:00:00;27;56;101305;8;6;9
2017-06-12T13:00:00;24;55;101187;9;7;11
2017-06-12T17:00:00;22;73;101076;14;12;19
2017-06-12T21:00:00;18;86;101311;18;15;24
2017-06-13T02:00:00;14;72;101468;8;7;11
2017-06-13T06:00:00;19;67;101550;7;6;9
2017-06-13T10:00:00;20;55;101571;4;4;7
2017-06-13T14:00:00;20;51;101585;5;4;7
2017-06-13T18:00:00;17;52;101567;5;4;7
2017-06-13T22:00:00;14;74;101628;7;6;10
2017-06-14T02:00:00;13;75;101667;10;8;14
2017-06-14T06:00:00;15;71;101778;9;8;12
2017-06-14T10:00:00;18;58;101815;8;6;10
2017-06-14T14:00:00;19;54;101845;6;5;9
2017-06-14T18:00:00;16;60;101849;7;6;10
2017-06-14T22:00:00;11;85;101961;15;13;22
2017-06-15T02:00:00;8;94;102026;20;18;29
2017-06-15T06:00:00;17;80;102070;14;12;20
2017-06-15T10:00:00;23;61;102037;13;11;17
2017-06-15T14:00:00;23;45;101901;13;11;18
2017-06-15T18:00:00;20;51;101784;13;11;17
2017-06-15T22:00:00;14;84;101729;22;19;32
2017-06-16T02:00:00;10;94;101537;19;16;27
2017-06-16T06:00:00;15;81;101493;20;17;29
2017-06-16T10:00:00;21;69;101327;11;9;14
2017-06-16T14:00:00;17;94;101249;10;8;13
2017-06-16T18:00:00;15;89;101432;10;8;14
2017-06-16T22:00:00;12;90;101562;6;6;10
2017-06-17T03:00:00;11;94;101625;11;9;15
2017-06-17T07:00:00;12;87;101674;6;5;9
2017-06-17T11:00:00;13;85;101786;4;4;6
2017-06-17T15:00:00;12;89;101857;5;4;7
2017-06-17T19:00:00;11;94;101983;5;5;9
2017-06-17T23:00:00;13;89;102043;17;16;27
2017-06-18T03:00:00;13;89;102174;17;16;26
2017-06-18T07:00:00;15;85;102385;12;11;18
2017-06-18T11:00:00;21;64;102359;10;9;14
2017-06-18T15:00:00;22;55;102290;8;7;11
2017-06-18T19:00:00;18;72;102370;15;12;20
2017-06-18T23:00:00;13;88;102482;15;13;22
2017-06-19T03:00:00;12;94;102454;22;20;33
2017-06-19T07:00:00;25;76;102422;15;12;20
2017-06-19T11:00:00;26;57;102325;16;13;21
2017-06-19T15:00:00;25;55;102140;13;11;18
2017-06-19T19:00:00;21;72;102095;19;16;26
2017-06-19T23:00:00;16;90;102060;25;22;38
2017-06-20T03:00:00;14;94;101972;26;23;40
2017-06-20T07:00:00;27;71;101836;17;15;25
2017-06-20T11:00:00;30;46;101639;12;9;15
2017-06-20T15:00:00;29;39;101408;10;8;13
2017-06-20T19:00:00;24;61;101410;15;13;20
2017-06-20T23:00:00;21;73;101524;16;13;21
2017-06-21T03:00:00;18;73;101672;9;7;11
2017-06-21T07:00:00;23;64;101775;5;4;7
2017-06-21T11:00:00;26;42;101711;3;3;5
2017-06-21T19:00:00;18;61;101653;6;5;8
2017-06-21T23:00:00;13;84;101708;12;9;16
2017-06-22T04:00:00;12;90;101724;19;16;26
2017-06-22T08:00:00;26;59;101669;8;6;10
2017-06-22T12:00:00;28;40;101499;5;5;7
2017-06-22T16:00:00;26;43;101377;8;6;10
2017-06-22T20:00:00;21;71;101220;22;19;33
2017-06-23T00:00:00;18;79;101143;21;19;32
2017-06-23T04:00:00;17;92;100999;9;8;12
2017-06-23T08:00:00;26;70;100899;7;6;10
2017-06-23T12:00:00;20;81;101109;19;17;28
2017-06-23T16:00:00;18;85;101305;19;16;27
2017-06-23T20:00:00;18;83;101504;20;17;29
2017-06-24T00:00:00;16;92;101554;24;22;39
2017-06-24T04:00:00;16;94;101587;25;23;42
2017-06-24T08:00:00;26;68;101514;16;13;22
2017-06-24T12:00:00;26;53;101443;16;14;22
2017-06-24T16:00:00;25;49;101328;14;12;19
2017-06-24T20:00:00;19;84;101347;26;23;41
2017-06-25T00:00:00;15;92;101384;31;29;51
2017-06-25T04:00:00;15;90;101438;28;26;46
2017-06-25T08:00:00;28;63;101357;15;13;21
2017-06-25T12:00:00;29;45;101179;9;8;13
2017-06-25T16:00:00;26;44;101092;8;6;11
2017-06-25T20:00:00;22;57;101177;12;9;15
2017-06-26T00:00:00;19;76;101227;13;12;19
2017-06-26T04:00:00;18;84;101281;18;16;27
2017-06-26T08:00:00;24;71;101247;11;9;15
2017-06-26T12:00:00;24;57;101207;10;8;13
2017-06-26T16:00:00;24;52;101229;5;4;7
2017-06-26T20:00:00;20;67;101387;11;9;16
2017-06-27T00:00:00;17;80;101539;9;7;12
2017-06-27T04:00:00;17;82;101521;11;9;14
2017-06-27T08:00:00;24;70;101438;8;6;10
2017-06-27T12:00:00;26;57;101276;13;11;18
2017-06-27T16:00:00;24;65;101096;12;11;17
2017-06-27T20:00:00;21;79;100983;19;17;29
2017-06-28T00:00:00;18;91;100901;21;19;33
2017-06-28T04:00:00;18;88;100798;17;15;24
2017-06-28T08:00:00;30;68;100618;17;14;24
2017-06-28T12:00:00;31;42;100391;12;10;16
2017-06-28T16:00:00;30;42;100195;22;20;35
2017-06-28T20:00:00;25;50;100290;13;11;19
2017-06-29T00:00:00;18;94;100183;9;7;12
2017-06-29T04:00:00;19;91;99954;17;15;24
2017-06-29T08:00:00;26;54;99795;12;10;17
2017-06-29T12:00:00;27;46;99727;3;3;5
2017-06-29T16:00:00;19;79;99935;1;1;2
2017-06-29T20:00:00;19;69;100159;1;1;2
2017-06-30T00:00:00;15;77;100340;4;3;5
2017-06-30T04:00:00;16;78;100422;2;2;3
2017-06-30T08:00:00;25;63;100608;0;0;1
2017-06-30T12:00:00;24;47;100764;1;1;2
2017-06-30T16:00:00;24;42;100796;0;0;1
2017-06-30T20:00:00;17;73;100869;6;5;8
2017-07-01T00:00:00;15;88;100870;2;1;3
2017-07-01T04:00:00;14;92;100805;4;3;5
2017-07-01T08:00:00;16;85;100883;7;6;10
2017-07-01T12:00:00;24;50;100867;2;2;3
2017-07-01T16:00:00;21;55;100984;2;2;3
2017-07-01T20:00:00;16;75;101080;6;6;9
2017-07-02T00:00:00;15;73;101058;1;1;2
2017-07-02T04:00:00;16;70;101074;1;0;1
2017-07-02T08:00:00;16;81;101275;2;1;3
2017-07-02T12:00:00;14;95;101503;5;5;8
2017-07-02T16:00:00;19;63;101431;6;5;9
2017-07-02T20:00:00;15;89;101627;6;6;10
2017-07-03T00:00:00;14;98;101720;8;7;11
2017-07-03T04:00:00;13;90;101859;3;3;5
2017-07-03T08:00:00;22;59;101937;4;3;5
2017-07-03T12:00:00;20;49;101967;4;3;6
2017-07-03T16:00:00;19;46;102003;3;2;4
2017-07-03T20:00:00;14;66;102105;4;4;7
2017-07-04T00:00:00;9;85;102071;8;7;12
2017-07-04T04:00:00;11;84;101946;10;8;13
2017-07-04T08:00:00;20;60;101894;8;6;10
2017-07-04T12:00:00;20;56;101889;9;7;11
2017-07-04T16:00:00;21;44;101857;4;3;5
2017-07-04T20:00:00;14;66;102050;10;8;13
2017-07-05T00:00:00;11;85;102132;15;13;21
2017-07-05T04:00:00;11;87;102083;15;13;21
2017-07-05T08:00:00;25;59;102008;10;8;12
2017-07-05T12:00:00;25;49;101811;10;8;14
2017-07-05T16:00:00;19;84;101859;12;10;16
2017-07-05T20:00:00;15;97;102012;18;15;25
2017-07-06T00:00:00;14;94;101962;18;15;24
2017-07-06T04:00:00;13;92;102064;15;13;21
2017-07-06T08:00:00;19;84;102192;11;8;13
2017-07-06T12:00:00;22;51;102144;12;10;16
2017-07-06T16:00:00;22;44;102075;5;5;8
2017-07-06T20:00:00;15;75;102170;15;13;20
2017-07-07T00:00:00;11;88;102148;12;10;16
2017-07-07T04:00:00;11;88;102022;21;18;30
2017-07-07T08:00:00;21;67;101868;22;19;33
2017-07-07T12:00:00;21;69;101682;12;10;16
2017-07-07T16:00:00;21;69;101529;12;10;16
2017-07-07T20:00:00;17;94;101488;22;20;33
2017-07-08T00:00:00;15;97;101401;26;23;41
2017-07-08T04:00:00;16;94;101454;22;19;31
2017-07-08T08:00:00;24;78;101452;15;12;20
2017-07-08T12:00:00;25;66;101370;18;16;25
2017-07-08T16:00:00;18;88;101551;11;9;14
2017-07-08T20:00:00;15;94;101667;16;14;23
2017-07-09T00:00:00;14;97;101660;26;24;43
2017-07-09T04:00:00;13;100;101779;28;26;46
2017-07-09T08:00:00;27;68;101751;11;9;15
2017-07-09T12:00:00;27;50;101666;10;8;13
2017-07-09T16:00:00;25;44;101542;9;7;12
2017-07-09T20:00:00;20;76;101591;20;18;29
2017-07-10T00:00:00;16;92;101488;20;17;28
2017-07-10T04:00:00;17;86;101407;22;19;33
2017-07-10T08:00:00;24;67;101382;19;17;29
2017-07-10T12:00:00;25;68;101246;14;12;19
2017-07-10T16:00:00;26;59;101025;21;18;31
2017-07-10T20:00:00;21;87;101128;24;22;38
2017-07-11T00:00:00;19;90;101028;16;13;22
2017-07-11T04:00:00;17;97;101069;13;11;18
2017-07-11T08:00:00;20;91;101199;16;13;22
2017-07-11T12:00:00;22;81;101217;10;8;13
2017-07-11T16:00:00;20;81;101305;8;7;11
2017-07-11T20:00:00;18;91;101414;13;11;17
2017-07-12T00:00:00;15;94;101455;14;12;20
2017-07-12T04:00:00;15;94;101478;12;10;16
2017-07-12T08:00:00;25;73;101417;5;4;6
2017-07-12T12:00:00;27;48;101261;5;4;7
2017-07-12T16:00:00;25;45;101019;6;5;8
2017-07-12T20:00:00;20;74;100924;11;9;15
2017-07-13T00:00:00;16;94;100853;3;3;5
2017-07-13T04:00:00;14;92;101072;0;0;0
2017-07-13T08:00:00;13;88;101577;4;4;6
2017-07-13T12:00:00;16;60;101780;5;4;7
2017-07-13T16:00:00;18;51;101841;4;3;6
2017-07-13T20:00:00;12;79;101956;7;6;10
2017-07-14T00:00:00;10;92;101985;13;11;19
2017-07-14T04:00:00;10;92;101971;16;14;23
2017-07-14T08:00:00;19;65;101847;7;6;9
2017-07-14T12:00:00;21;49;101652;8;6;10
2017-07-14T16:00:00;20;45;101512;10;8;13
2017-07-14T20:00:00;16;67;101523;16;13;21
2017-07-15T00:00:00;13;86;101527;14;12;20
2017-07-15T04:00:00;12;94;101624;16;14;22
2017-07-15T08:00:00;14;79;101771;13;11;18
2017-07-15T12:00:00;18;73;101785;7;6;10
2017-07-15T16:00:00;17;57;101918;11;9;15
2017-07-15T20:00:00;15;85;102087;21;19;31
2017-07-16T00:00:00;10;94;102176;26;24;42
2017-07-16T04:00:00;10;94;102311;26;23;41
2017-07-16T08:00:00;22;69;102357;12;10;16
2017-07-16T12:00:00;23;43;102273;7;5;8
2017-07-16T16:00:00;22;40;102210;9;8;12
2017-07-16T20:00:00;16;70;102262;14;11;18
2017-07-17T00:00:00;12;88;102266;17;15;24
2017-07-17T04:00:00;12;87;102222;15;13;21
2017-07-17T08:00:00;20;55;102194;9;8;12
2017-07-17T12:00:00;23;49;102115;9;8;12
2017-07-17T16:00:00;21;65;102140;14;12;19
2017-07-17T20:00:00;16;90;102245;21;18;29
2017-07-18T00:00:00;13;97;102277;21;18;30
2017-07-18T04:00:00;14;94;102316;23;21;35
2017-07-18T08:00:00;26;71;102263;16;14;23
2017-07-18T12:00:00;27;50;102111;11;9;14
2017-07-18T16:00:00;27;40;101987;12;10;16
2017-07-18T20:00:00;20;74;102023;23;20;36
2017-07-19T00:00:00;16;86;101974;22;19;33
2017-07-19T04:00:00;17;81;101955;20;17;28
2017-07-19T08:00:00;26;67;101944;20;17;31
2017-07-19T12:00:00;29;47;101709;19;18;30
2017-07-19T16:00:00;28;46;101523;17;14;22
2017-07-19T20:00:00;21;78;101478;25;21;38
2017-07-20T00:00:00;17;88;101425;26;23;41
2017-07-20T04:00:00;16;86;101393;25;22;39
2017-07-20T08:00:00;30;59;101297;15;13;21
2017-07-20T12:00:00;32;38;101122;15;13;20
2017-07-20T16:00:00;29;40;101032;14;11;18
2017-07-20T20:00:00;22;78;101242;21;19;32
2017-07-21T00:00:00;19;91;101216;24;22;39
2017-07-21T04:00:00;19;92;101392;29;27;48
2017-07-21T08:00:00;21;91;101531;26;25;44
2017-07-21T12:00:00;20;93;101604;11;9;15
2017-07-21T16:00:00;22;77;101573;11;10;16
2017-07-21T20:00:00;18;92;101629;21;18;30
2017-07-22T00:00:00;15;100;101666;23;21;36
2017-07-22T04:00:00;16;97;101692;21;18;30
2017-07-22T08:00:00;27;74;101751;15;13;20
2017-07-22T12:00:00;28;53;101675;12;10;16
2017-07-22T16:00:00;27;47;101507;13;11;18
2017-07-22T20:00:00;22;76;101617;23;21;37
2017-07-23T00:00:00;18;94;101583;14;12;20
2017-07-23T04:00:00;17;94;101521;15;14;22
2017-07-23T08:00:00;28;76;101473;14;11;19
2017-07-23T12:00:00;27;61;101408;11;9;15
2017-07-23T16:00:00;20;88;101569;10;9;15
2017-07-23T20:00:00;17;94;101556;13;10;17
2017-07-24T00:00:00;15;94;101492;18;15;25
2017-07-24T05:00:00;16;97;101359;13;11;18
2017-07-24T09:00:00;28;64;101130;8;7;12
2017-07-24T13:00:00;26;49;100865;8;6;11
2017-07-24T17:00:00;24;60;100571;13;12;19
2017-07-24T21:00:00;20;91;100333;21;18;31
2017-07-25T01:00:00;17;94;100197;21;19;32
2017-07-25T05:00:00;17;90;100240;4;4;6
2017-07-25T09:00:00;15;92;100343;4;3;5
2017-07-25T13:00:00;17;76;100428;8;7;11
2017-07-25T17:00:00;18;71;100353;8;7;11
2017-07-25T21:00:00;15;85;100407;8;7;12
2017-07-26T01:00:00;11;94;100383;9;8;12
2017-07-26T05:00:00;14;84;100420;6;5;9
2017-07-26T09:00:00;19;74;100438;0;0;1
2017-07-26T13:00:00;19;58;100522;0;0;1
2017-07-26T17:00:00;18;61;100512;3;3;5
2017-07-26T21:00:00;14;83;100639;8;7;12
2017-07-27T01:00:00;11;92;100693;9;8;13
2017-07-27T05:00:00;15;82;100755;4;3;6
2017-07-27T09:00:00;24;68;100783;3;2;4
2017-07-27T13:00:00;22;59;100814;5;4;7
2017-07-27T17:00:00;17;74;101031;5;5;8
2017-07-27T21:00:00;14;86;101106;15;14;22
2017-07-28T01:00:00;14;94;101131;19;17;28
2017-07-28T05:00:00;14;92;101142;12;11;18
2017-07-28T09:00:00;18;88;101171;10;8;14
2017-07-28T13:00:00;24;61;101077;4;4;6
2017-07-28T17:00:00;18;86;101270;5;5;8
2017-07-28T21:00:00;16;90;101527;11;9;15
2017-07-29T01:00:00;14;97;101626;16;14;23
2017-07-29T05:00:00;16;86;101814;18;16;26
2017-07-29T09:00:00;25;61;101861;7;6;9
2017-07-29T13:00:00;25;44;101783;6;5;8
2017-07-29T17:00:00;23;52;101773;6;5;9
2017-07-29T21:00:00;16;82;101825;18;16;25
2017-07-30T01:00:00;13;94;101840;23;20;33
2017-07-30T05:00:00;18;81;101822;19;16;25
2017-07-30T09:00:00;31;51;101713;6;5;8
2017-07-30T13:00:00;31;42;101519;7;5;9
2017-07-30T17:00:00;29;46;101462;10;8;13
2017-07-30T21:00:00;22;76;101626;16;14;22
2017-07-31T01:00:00;19;88;101625;19;16;26
2017-07-31T05:00:00;22;79;101721;20;18;30
2017-07-31T09:00:00;32;58;101771;14;11;18
2017-07-31T13:00:00;32;48;101788;14;11;18
2017-07-31T17:00:00;30;50;101851;16;13;21
2017-07-31T21:00:00;23;81;102052;24;21;38
2017-08-01T01:00:00;19;91;102038;25;23;40
2017-08-01T05:00:00;22;89;102155;29;27;47
2017-08-01T09:00:00;34;51;102105;16;14;24
2017-08-01T13:00:00;35;38;101925;15;13;20
2017-08-01T17:00:00;33;43;101819;19;16;27
2017-08-01T21:00:00;24;75;101811;25;23;41
2017-08-02T01:00:00;19;91;101799;28;25;44
2017-08-02T05:00:00;22;83;101872;29;26;47
2017-08-02T09:00:00;32;55;101867;20;17;30
2017-08-02T13:00:00;31;53;101856;24;21;38
2017-08-02T17:00:00;27;60;101943;21;19;33
2017-08-02T21:00:00;23;66;101994;26;24;43
2017-08-03T01:00:00;18;94;101906;24;22;38
2017-08-03T05:00:00;21;87;101858;30;28;49
2017-08-03T09:00:00;41;48;101673;13;11;18
2017-08-03T13:00:00;34;39;101458;11;9;14
2017-08-03T17:00:00;29;48;101558;13;12;19
2017-08-03T21:00:00;22;76;101433;17;15;25
2017-08-04T01:00:00;21;79;101467;19;16;27
2017-08-04T05:00:00;22;87;101485;21;19;33
2017-08-04T09:00:00;28;54;101468;13;12;20
2017-08-04T13:00:00;26;64;101382;11;10;15
2017-08-04T17:00:00;27;62;101302;14;12;20
2017-08-04T21:00:00;22;87;101453;19;16;27
2017-08-05T01:00:00;21;87;101475;22;20;35
2017-08-05T05:00:00;22;81;101644;19;17;29
2017-08-05T09:00:00;29;56;101613;10;8;13
2017-08-05T13:00:00;31;43;101478;6;5;8
2017-08-05T17:00:00;28;43;101421;8;6;10
2017-08-05T21:00:00;21;73;101535;21;18;31
2017-08-06T01:00:00;17;86;101530;25;22;38
2017-08-06T05:00:00;19;86;101794;17;14;23
2017-08-06T09:00:00;21;71;102090;20;17;28
2017-08-06T13:00:00;19;86;102111;15;13;20
2017-08-06T17:00:00;18;91;102119;14;12;20
2017-08-06T21:00:00;17;97;102234;21;18;31
2017-08-07T01:00:00;16;71;102247;7;6;10
2017-08-07T05:00:00;15;76;102338;8;7;12
2017-08-07T09:00:00;16;79;102433;12;10;16
2017-08-07T13:00:00;19;64;102398;13;11;17
2017-08-07T17:00:00;18;69;102387;9;7;12
2017-08-07T21:00:00;12;92;102420;16;14;24
2017-08-08T01:00:00;11;94;102331;22;20;34
2017-08-08T05:00:00;12;92;102252;23;21;36
2017-08-08T09:00:00;20;72;102077;10;9;15
2017-08-08T13:00:00;24;59;101829;6;6;11
2017-08-08T17:00:00;22;62;101726;13;11;18
2017-08-08T21:00:00;17;84;101789;21;19;31
2017-08-09T01:00:00;14;92;101849;16;14;23
2017-08-09T05:00:00;16;92;101839;20;17;29
2017-08-09T09:00:00;29;63;101895;15;13;23
2017-08-09T13:00:00;31;49;101786;17;16;27
2017-08-09T17:00:00;28;56;101758;20;18;31
2017-08-09T21:00:00;23;85;101825;38;36;58
2017-08-10T01:00:00;20;95;101784;30;28;50
2017-08-10T05:00:00;23;81;101759;25;24;42
2017-08-10T09:00:00;31;60;101755;22;19;35
2017-08-10T13:00:00;32;51;101708;24;22;41
2017-08-10T17:00:00;29;56;101591;22;20;36
2017-08-10T21:00:00;24;67;101729;21;19;34
2017-08-11T01:00:00;21;73;101838;6;5;9
2017-08-11T05:00:00;21;78;101664;10;9;15
2017-08-11T09:00:00;31;65;101465;23;20;38
2017-08-11T13:00:00;34;48;101148;18;16;29
2017-08-11T17:00:00;31;47;100967;19;17;31
2017-08-11T21:00:00;23;76;101140;21;19;32
2017-08-12T01:00:00;17;86;101349;4;3;6
2017-08-12T05:00:00;17;91;101402;16;15;25
2017-08-12T09:00:00;16;97;101545;6;5;9
2017-08-12T13:00:00;18;86;101620;20;18;31
2017-08-12T17:00:00;17;92;101632;20;18;31
2017-08-12T21:00:00;16;86;101723;18;15;25
2017-08-13T01:00:00;14;81;101846;7;5;9
2017-08-13T05:00:00;13;86;101878;6;5;8
2017-08-13T10:00:00;16;76;102021;11;9;15
2017-08-13T14:00:00;20;65;102002;4;4;7
2017-08-13T18:00:00;17;77;102099;11;9;14
2017-08-13T22:00:00;13;92;102222;21;18;31
2017-08-14T02:00:00;13;94;102266;22;18;30
2017-08-14T06:00:00;20;84;102395;18;16;26
2017-08-14T10:00:00;23;66;102415;17;14;23
2017-08-14T14:00:00;22;61;102385;14;12;19
2017-08-14T18:00:00;19;70;102437;12;10;17
2017-08-14T22:00:00;15;80;102517;11;8;14
2017-08-15T02:00:00;12;86;102474;9;7;12
2017-08-15T06:00:00;19;77;102470;14;11;18
2017-08-15T10:00:00;24;54;102359;7;5;9
2017-08-15T14:00:00;26;45;102219;7;5;9
2017-08-15T18:00:00;21;57;102201;10;8;12
2017-08-15T22:00:00;16;80;102155;12;10;16
2017-08-16T02:00:00;14;86;102112;15;13;21
2017-08-16T06:00:00;19;79;102110;18;16;26
2017-08-16T10:00:00;27;63;102042;10;8;13
2017-08-16T14:00:00;30;39;101918;8;7;11
2017-08-16T18:00:00;24;58;102021;17;14;23
2017-08-16T22:00:00;19;86;102186;17;14;23
2017-08-17T09:00:00;24;71;102211;11;9;15
2017-08-17T13:00:00;27;58;101981;21;18;32
2017-08-17T17:00:00;25;66;101961;17;14;23
2017-08-17T21:00:00;20;82;102027;24;22;38
2017-08-18T01:00:00;16;94;101926;23;20;35
2017-08-18T05:00:00;18;94;101987;26;24;43
2017-08-18T09:00:00;29;63;101952;18;16;27
2017-08-18T13:00:00;31;37;101739;10;9;14
2017-08-18T17:00:00;28;46;101590;14;12;19
2017-08-18T21:00:00;21;77;101487;24;21;38
2017-08-19T02:00:00;16;92;101406;24;21;38
2017-08-19T06:00:00;26;70;101484;15;12;20
2017-08-19T10:00:00;24;61;101738;5;4;7
2017-08-19T14:00:00;19;91;101945;15;13;21
2017-08-19T18:00:00;16;94;102075;10;9;15
2017-08-19T22:00:00;15;94;102063;9;8;13
2017-08-20T02:00:00;15;94;101895;10;9;15
2017-08-20T06:00:00;14;94;101814;3;3;5
2017-08-20T10:00:00;13;92;101981;5;4;7
2017-08-20T14:00:00;14;90;102149;6;5;8
2017-08-20T18:00:00;13;94;102203;14;12;20
2017-08-20T22:00:00;11;100;102168;13;11;18
2017-08-21T02:00:00;9;97;102134;13;11;19
2017-08-21T06:00:00;15;90;102144;15;13;21
2017-08-21T10:00:00;19;70;102088;8;7;10
2017-08-21T14:00:00;19;60;102004;5;4;7
2017-08-21T18:00:00;13;84;102108;3;2;4
2017-08-21T22:00:00;11;92;102166;14;12;19
2017-08-22T02:00:00;10;92;102080;11;9;15
2017-08-22T06:00:00;15;86;102089;10;8;14
2017-08-22T10:00:00;18;67;101975;6;5;8
2017-08-22T14:00:00;18;58;101805;4;4;6
2017-08-22T18:00:00;15;72;101807;8;6;10
2017-08-22T22:00:00;11;90;101854;15;13;21
2017-08-23T02:00:00;10;94;101818;13;11;18
2017-08-23T06:00:00;12;88;101887;13;11;18
2017-08-23T10:00:00;17;72;101938;12;10;16
2017-08-23T14:00:00;16;72;101894;6;5;8
2017-08-23T18:00:00;14;81;101900;11;10;16
2017-08-23T22:00:00;11;88;101923;14;12;20
2017-08-24T02:00:00;9;94;101879;20;17;27
2017-08-24T06:00:00;16;86;101915;17;15;25
2017-08-24T10:00:00;22;55;101856;7;6;10
2017-08-24T14:00:00;24;41;101757;6;5;9
2017-08-24T18:00:00;19;67;101776;18;15;24
2017-08-24T22:00:00;15;84;101806;23;20;35
2017-08-25T02:00:00;13;90;101859;24;22;38
2017-08-25T06:00:00;19;80;101934;20;18;31
2017-08-25T10:00:00;25;55;101978;16;13;22
2017-08-25T14:00:00;26;49;101903;13;11;18
2017-08-25T18:00:00;23;67;101930;25;22;39
2017-08-25T22:00:00;19;109;101994;29;28;48
2017-08-26T02:00:00;18;109;101929;33;32;55
2017-08-26T06:00:00;19;103;101936;41;39;63
2017-08-26T10:00:00;21;95;101952;29;28;49
2017-08-26T14:00:00;26;81;101800;26;24;43
2017-08-26T18:00:00;22;97;101769;31;30;52
2017-08-26T22:00:00;19;105;101690;36;34;59
2017-08-27T02:00:00;18;109;101608;35;35;60
2017-08-27T06:00:00;31;75;101470;26;24;43
2017-08-27T10:00:00;32;69;101439;19;17;30
2017-08-27T14:00:00;27;74;101347;21;18;32
2017-08-27T18:00:00;21;84;101574;18;15;25
2017-08-27T22:00:00;17;86;101771;11;9;15
2017-08-28T02:00:00;13;101;101876;13;11;18
2017-08-28T06:00:00;30;61;101981;14;12;19
2017-08-28T10:00:00;24;62;102022;4;3;6
2017-08-28T20:00:00;15;77;102100;15;14;22
2017-08-29T00:00:00;11;94;102172;13;11;18
2017-08-29T04:00:00;10;94;102196;16;13;22
2017-08-29T08:00:00;21;74;102196;12;10;17
2017-08-29T12:00:00;21;52;102086;13;11;18
2017-08-29T16:00:00;19;77;101961;6;6;9
2017-08-29T20:00:00;16;91;101972;21;18;29
2017-08-30T00:00:00;14;99;101919;21;18;30
2017-08-30T04:00:00;11;104;101944;24;21;34
2017-08-30T08:00:00;24;68;101914;18;16;28
2017-08-30T12:00:00;30;53;101763;11;9;15
2017-08-30T16:00:00;24;68;101635;12;10;16
2017-08-30T20:00:00;20;89;101626;24;21;37
2017-08-31T00:00:00;15;102;101576;23;20;33
2017-08-31T04:00:00;13;104;101594;26;23;40
2017-08-31T08:00:00;25;65;101603;15;13;21
2017-08-31T12:00:00;29;45;101455;10;8;14
2017-08-31T16:00:00;27;45;101385;13;12;19
2017-08-31T20:00:00;19;79;101475;25;22;40
2017-09-01T00:00:00;16;90;101525;27;25;43
2017-09-01T04:00:00;16;90;101594;25;22;39
2017-09-01T08:00:00;21;82;101569;23;20;37
2017-09-01T12:00:00;26;66;101326;22;21;38
2017-09-01T16:00:00;22;81;101187;22;20;37
2017-09-01T20:00:00;15;90;101273;1;1;2
2017-09-02T00:00:00;12;94;101341;1;1;2
2017-09-02T04:00:00;12;92;101437;2;2;4
2017-09-02T08:00:00;13;85;101574;5;5;9
2017-09-02T12:00:00;14;79;101618;7;6;10
2017-09-02T16:00:00;14;83;101591;4;4;7
2017-09-02T20:00:00;12;86;101559;6;5;9
2017-09-03T00:00:00;12;92;101363;9;8;13
2017-09-03T04:00:00;11;97;101227;9;8;13
2017-09-03T08:00:00;12;90;101170;2;2;3
2017-09-03T12:00:00;14;77;101102;3;3;5
2017-09-03T16:00:00;12;90;101160;3;3;5
2017-09-03T20:00:00;12;90;101186;8;7;12
2017-09-04T00:00:00;11;94;101182;9;8;13
2017-09-04T04:00:00;11;94;101216;11;9;16
2017-09-04T08:00:00;14;86;101419;8;7;12
2017-09-04T12:00:00;16;58;101508;5;4;7
2017-09-04T16:00:00;16;55;101564;3;2;4
2017-09-04T20:00:00;11;88;101765;12;10;17
2017-09-05T00:00:00;11;85;101716;9;8;13
2017-09-05T04:00:00;12;79;101699;12;10;16
2017-09-05T08:00:00;14;72;101696;11;9;15
2017-09-05T12:00:00;12;90;101702;18;16;25
2017-09-05T16:00:00;12;94;101653;23;21;34
2017-09-05T20:00:00;12;94;101706;23;20;34
2017-09-06T00:00:00;12;94;101621;26;25;44
2017-09-06T04:00:00;12;100;101502;24;23;40
2017-09-06T08:00:00;14;90;101477;19;17;28
2017-09-06T12:00:00;18;67;101276;17;14;23
2017-09-06T16:00:00;17;94;101083;17;14;23
2017-09-06T20:00:00;15;90;101008;18;16;26
2017-09-07T00:00:00;14;90;101108;3;3;6
2017-09-07T04:00:00;13;90;101172;6;5;9
2017-09-07T08:00:00;15;75;101290;4;3;6
2017-09-07T12:00:00;14;87;101352;5;4;8
2017-09-07T16:00:00;14;65;101338;5;4;7
2017-09-07T20:00:00;12;82;101520;7;7;11
2017-09-08T00:00:00;11;85;101511;5;5;8
2017-09-08T04:00:00;10;88;101544;5;4;7
2017-09-08T08:00:00;20;70;101530;5;4;7
2017-09-08T12:00:00;20;55;101364;4;4;6
2017-09-08T16:00:00;18;57;101217;5;5;8
2017-09-08T20:00:00;13;83;101170;20;17;28
2017-09-09T00:00:00;10;90;101018;21;18;29
2017-09-09T04:00:00;9;92;100856;9;8;13
2017-09-09T08:00:00;23;67;100728;8;7;11
2017-09-09T12:00:00;25;50;100548;12;10;16
2017-09-09T16:00:00;23;52;100472;15;13;21
2017-09-09T20:00:00;15;86;100548;28;26;45
2017-09-10T00:00:00;13;94;100512;28;26;45
2017-09-10T04:00:00;12;94;100565;26;23;40
2017-09-10T08:00:00;24;70;100677;12;10;16
2017-09-10T12:00:00;24;57;100686;9;7;12
2017-09-10T16:00:00;22;72;100766;13;11;18
2017-09-10T20:00:00;18;88;100843;21;18;31
2017-09-11T00:00:00;17;91;100756;22;20;33
2017-09-11T04:00:00;16;94;100696;24;22;38
2017-09-11T08:00:00;34;61;100494;17;15;26
2017-09-11T12:00:00;29;67;100370;15;13;21
2017-09-11T16:00:00;21;102;100399;19;17;28
2017-09-11T20:00:00;19;107;100390;25;22;40
2017-09-12T00:00:00;14;120;100556;1;1;2
2017-09-12T04:00:00;12;118;100649;4;4;6
2017-09-12T08:00:00;13;117;100739;7;6;11
2017-09-12T12:00:00;14;107;100798;14;12;20
2017-09-12T16:00:00;14;111;100904;20;18;30
2017-09-12T20:00:00;11;121;101182;11;10;16
2017-09-13T00:00:00;10;119;101244;4;4;7
2017-09-13T04:00:00;9;119;101326;7;6;11
2017-09-13T08:00:00;23;72;101329;3;3;5
2017-09-13T12:00:00;21;65;101101;1;1;2
2017-09-13T16:00:00;16;79;100935;1;1;2
2017-09-13T20:00:00;13;89;100867;0;0;1
2017-09-14T00:00:00;14;96;100759;0;0;1
2017-09-14T04:00:00;15;94;100617;0;0;1
2017-09-14T08:00:00;26;60;100541;0;0;1
2017-09-14T12:00:00;27;48;100358;2;2;4
2017-09-14T16:00:00;22;53;100478;3;3;5
2017-09-14T20:00:00;12;88;101053;0;0;1
2017-09-15T00:00:00;10;84;101122;0;0;0
2017-09-15T04:00:00;9;78;101193;1;1;2
2017-09-15T08:00:00;13;67;101519;0;0;0
2017-09-15T12:00:00;14;71;101640;3;3;5
2017-09-15T16:00:00;14;71;101592;5;4;7
2017-09-15T20:00:00;11;90;101585;17;15;23
2017-09-16T00:00:00;11;92;101542;21;18;29
2017-09-16T04:00:00;11;92;101454;20;17;29
2017-09-16T08:00:00;12;92;101465;18;16;27
2017-09-16T12:00:00;13;90;101407;12;10;16
2017-09-16T16:00:00;13;90;101339;12;10;17
2017-09-16T20:00:00;12;94;101329;23;20;34
2017-09-17T00:00:00;12;94;101322;25;22;39
2017-09-17T04:00:00;12;94;101314;24;21;37
2017-09-17T08:00:00;13;92;101257;23;21;36
2017-09-17T12:00:00;13;92;101025;27;25;44
2017-09-17T16:00:00;11;94;100727;4;4;6
2017-09-17T20:00:00;11;94;100884;6;5;8
2017-09-18T00:00:00;9;94;101225;13;11;19
2017-09-18T04:00:00;8;92;101401;12;10;17
2017-09-18T08:00:00;15;78;101581;9;7;11
2017-09-18T12:00:00;18;58;101635;5;4;7
2017-09-18T16:00:00;15;66;101680;9;7;12
2017-09-18T20:00:00;9;92;101812;22;19;32
2017-09-19T00:00:00;7;94;101801;28;25;44
2017-09-19T04:00:00;6;94;101730;30;28;47
2017-09-19T08:00:00;11;90;101739;31;30;52
2017-09-19T12:00:00;12;86;101592;30;28;49
2017-09-19T16:00:00;11;85;101468;22;19;31
2017-09-19T20:00:00;10;94;101492;22;18;30
2017-09-20T00:00:00;10;90;101406;17;15;24
2017-09-20T04:00:00;9;94;101370;14;12;21
2017-09-20T08:00:00;10;94;101483;12;10;17
2017-09-20T12:00:00;11;90;101558;5;4;7
2017-09-20T16:00:00;11;88;101608;8;7;12
2017-09-20T20:00:00;10;90;101626;7;6;10
2017-09-21T00:00:00;10;90;101574;14;12;20
2017-09-21T04:00:00;10;90;101487;15;14;22
2017-09-21T08:00:00;10;87;101441;10;9;14
2017-09-21T12:00:00;10;90;101438;24;21;35
2017-09-21T16:00:00;9;100;101497;16;14;22
2017-09-21T20:00:00;10;92;101503;16;14;23
2017-09-22T00:00:00;9;94;101576;4;4;6
2017-09-22T04:00:00;9;94;101709;9;8;14
2017-09-22T08:00:00;10;94;101867;11;9;15
2017-09-22T12:00:00;11;92;102007;9;8;13
2017-09-22T16:00:00;11;90;102056;26;25;44
2017-09-22T20:00:00;10;94;102091;33;33;56
2017-09-23T00:00:00;10;94;101981;36;36;61
2017-09-23T04:00:00;9;97;101787;25;23;39
2017-09-23T08:00:00;10;94;101662;6;5;9
2017-09-23T12:00:00;11;94;101686;12;10;17
2017-09-23T16:00:00;11;94;101783;28;26;43
2017-09-23T20:00:00;10;100;101951;22;20;33
2017-09-24T00:00:00;10;100;101987;19;17;28
2017-09-24T04:00:00;10;100;102047;26;25;44
2017-09-24T08:00:00;12;92;102153;23;21;36
2017-09-24T12:00:00;16;78;102130;12;11;19
2017-09-24T16:00:00;14;88;102137;19;17;29
2017-09-24T20:00:00;11;100;102169;6;5;9
2017-09-25T00:00:00;11;94;102143;12;10;15
2017-09-25T04:00:00;11;94;102215;20;18;31
2017-09-25T08:00:00;13;90;102389;25;23;40
2017-09-25T12:00:00;16;75;102406;14;13;21
2017-09-25T16:00:00;14;86;102519;15;14;23
2017-09-25T20:00:00;12;92;102637;22;21;35
2017-09-26T00:00:00;11;94;102649;27;27;47
2017-09-26T04:00:00;9;100;102724;25;24;42
2017-09-26T08:00:00;10;97;102836;30;30;52
2017-09-26T12:00:00;12;113;102816;22;19;32
2017-09-26T16:00:00;12;90;102794;27;25;44
2017-09-26T20:00:00;10;97;102824;38;37;62
2017-09-27T00:00:00;10;94;102838;25;22;36
2017-09-27T04:00:00;8;94;102854;22;19;31
2017-09-27T08:00:00;12;92;102972;30;29;49
2017-09-27T12:00:00;17;64;102868;14;12;19
2017-09-27T16:00:00;14;69;102926;15;12;21
2017-09-27T20:00:00;10;80;102993;21;18;29
2017-09-28T00:00:00;7;90;103006;16;14;22
2017-09-28T04:00:00;5;94;103087;17;15;25
2017-09-28T08:00:00;10;85;103167;23;20;33
2017-09-28T12:00:00;16;64;103048;15;12;20
2017-09-28T16:00:00;13;70;103050;22;19;31
2017-09-28T20:00:00;9;83;103098;29;27;47
2017-09-29T00:00:00;6;90;102992;30;29;49
2017-09-29T04:00:00;4;94;102924;29;26;45
2017-09-29T08:00:00;8;85;102945;39;40;68
2017-09-29T12:00:00;15;75;102774;36;35;60
2017-09-29T16:00:00;14;82;102698;29;27;47
2017-09-29T20:00:00;10;90;102700;40;39;64
2017-09-30T00:00:00;7;94;102662;34;33;57
2017-09-30T04:00:00;5;97;102623;36;35;60
2017-09-30T08:00:00;7;100;102642;42;42;70
2017-09-30T12:00:00;15;76;102446;39;37;63
2017-09-30T16:00:00;13;81;102354;27;25;43
2017-09-30T20:00:00;9;83;102389;33;32;54
2017-10-01T00:00:00;5;94;102414;33;32;55
2017-10-01T04:00:00;3;97;102496;35;34;57
2017-10-01T08:00:00;9;81;102628;39;39;65
2017-10-01T12:00:00;15;53;102558;20;18;30
2017-10-01T16:00:00;12;70;102508;21;18;29
2017-10-01T20:00:00;8;88;102593;33;32;55
2017-10-02T00:00:00;5;94;102610;37;37;62
2017-10-02T04:00:00;2;100;102580;40;39;66
2017-10-02T08:00:00;9;80;102525;32;31;53
2017-10-02T12:00:00;17;50;102200;16;14;22
2017-10-02T16:00:00;13;65;102028;24;21;36
2017-10-02T20:00:00;10;82;101839;37;36;62
2017-10-03T00:00:00;6;94;101657;45;44;72
2017-10-03T04:00:00;8;94;101486;41;40;68
2017-10-03T08:00:00;11;90;101369;33;32;56
2017-10-03T12:00:00;14;108;101295;30;29;50
2017-10-03T16:00:00;11;94;101562;24;21;36
2017-10-03T20:00:00;10;94;101980;27;25;42
2017-10-04T00:00:00;9;94;102132;19;17;27
2017-10-04T04:00:00;8;92;102244;14;12;21
2017-10-04T08:00:00;11;83;102274;10;8;14
2017-10-04T12:00:00;13;69;102090;5;5;8
2017-10-04T16:00:00;12;74;101889;13;11;18
2017-10-04T20:00:00;10;83;101646;11;9;15
2017-10-05T00:00:00;11;74;101483;4;3;6
2017-10-05T04:00:00;10;77;101257;6;5;9
2017-10-05T08:00:00;11;75;100980;9;8;13
2017-10-05T12:00:00;10;92;100531;7;6;10
2017-10-05T16:00:00;10;94;100039;28;26;44
2017-10-05T20:00:00;11;66;100032;1;1;2
2017-10-06T01:00:00;8;72;100628;0;0;1
2017-10-06T05:00:00;7;89;100815;2;2;4
2017-10-06T09:00:00;9;88;100967;6;5;9
2017-10-06T13:00:00;9;79;100991;3;2;4
2017-10-06T17:00:00;7;92;101150;17;15;24
2017-10-06T21:00:00;7;94;101285;16;14;22
2017-10-07T01:00:00;7;92;101428;7;6;11
2017-10-07T05:00:00;7;92;101686;16;14;24
2017-10-07T09:00:00;10;83;101816;16;14;23
2017-10-07T13:00:00;11;75;101638;9;8;12
2017-10-07T17:00:00;8;92;101617;20;18;29
2017-10-07T21:00:00;6;94;101386;27;25;42
2017-10-08T01:00:00;5;92;101126;5;4;7
2017-10-08T05:00:00;8;86;100990;3;3;5
2017-10-08T09:00:00;9;92;101053;4;3;6
2017-10-08T13:00:00;11;82;101054;8;7;12
2017-10-08T17:00:00;10;92;101168;19;17;28
2017-10-08T21:00:00;7;94;101399;25;23;37
2017-10-09T01:00:00;6;92;101434;26;25;41
2017-10-09T05:00:00;5;90;101553;19;16;26
2017-10-09T09:00:00;7;83;101644;7;7;11
2017-10-09T13:00:00;9;69;101575;5;4;7
2017-10-09T17:00:00;6;83;101578;25;22;36
2017-10-09T21:00:00;5;89;101616;31;30;50
2017-10-10T01:00:00;6;85;101557;7;6;11
2017-10-10T05:00:00;7;82;101569;11;9;15
2017-10-10T11:00:00;9;90;101621;12;10;17
2017-10-10T15:00:00;10;90;101653;18;16;25
2017-10-10T19:00:00;9;90;101766;25;22;37
2017-10-10T23:00:00;9;94;101785;19;16;27
2017-10-11T03:00:00;9;94;101771;11;9;16
2017-10-11T08:00:00;12;88;101884;6;6;9
2017-10-11T12:00:00;15;77;101859;6;6;10
2017-10-11T16:00:00;13;86;101889;19;17;28
2017-10-11T20:00:00;11;94;101919;29;28;47
2017-10-12T00:00:00;10;92;101881;29;27;46
2017-10-12T04:00:00;8;94;101842;31;29;50
2017-10-12T08:00:00;14;78;101844;13;11;17
2017-10-12T12:00:00;18;59;101775;4;4;6
2017-10-12T16:00:00;14;87;101884;14;12;19
2017-10-12T20:00:00;14;73;102081;13;12;19
2017-10-13T00:00:00;9;84;102165;7;7;11
2017-10-13T04:00:00;10;75;102242;8;8;13
2017-10-13T08:00:00;10;75;102331;6;5;9
2017-10-13T12:00:00;13;68;102363;4;4;6
2017-10-13T16:00:00;10;83;102431;15;12;20
2017-10-13T20:00:00;9;90;102558;32;31;53
2017-10-14T00:00:00;10;82;102609;36;36;61
2017-10-14T04:00:00;8;94;102653;41;41;69
2017-10-14T08:00:00;13;82;102699;21;19;31
2017-10-14T12:00:00;14;80;102689;16;14;23
2017-10-14T16:00:00;13;86;102658;24;22;37
2017-10-14T20:00:00;12;90;102726;37;37;63
2017-10-15T02:00:00;14;84;102729;25;23;41
2017-10-15T06:00:00;13;88;102793;23;21;35
2017-10-15T10:00:00;18;79;102803;16;13;22
2017-10-15T14:00:00;18;72;102697;14;12;19
2017-10-15T18:00:00;13;94;102801;29;27;47
2017-10-15T23:00:00;9;100;102778;37;36;62
2017-10-16T03:00:00;7;97;102718;31;29;49
2017-10-16T07:00:00;11;97;102661;32;31;52
2017-10-16T11:00:00;22;63;102565;15;13;23
2017-10-16T15:00:00;20;71;102496;27;26;46
2017-10-16T19:00:00;14;90;102572;35;34;59
2017-10-16T23:00:00;10;94;102640;47;47;75
2017-10-17T03:00:00;8;100;102628;40;40;68
2017-10-17T07:00:00;10;100;102647;35;34;58
2017-10-17T11:00:00;21;63;102486;20;17;29
2017-10-17T15:00:00;20;61;102281;43;43;68
2017-10-17T19:00:00;13;90;102226;42;41;67
2017-10-18T00:00:00;8;97;102093;53;53;80
2017-10-18T04:00:00;6;97;101982;43;43;72
2017-10-18T08:00:00;14;80;101897;38;37;63
2017-10-18T12:00:00;21;49;101659;24;22;39
2017-10-18T16:00:00;17;77;101585;30;28;49
2017-10-18T20:00:00;12;92;101588;39;39;65
2017-10-19T00:00:00;8;100;101557;55;55;83
2017-10-19T04:00:00;6;100;101533;50;49;78
2017-10-19T08:00:00;11;92;101657;51;51;78
2017-10-19T12:00:00;18;73;101632;39;38;63
2017-10-19T16:00:00;14;82;101714;36;36;62
2017-10-19T20:00:00;11;90;101800;66;69;97
2017-10-20T00:00:00;8;97;101801;79;83;116
2017-10-20T05:00:00;10;94;101836;58;62;89
2017-10-20T11:00:00;11;100;101817;56;60;86
2017-10-20T15:00:00;11;100;101812;60;64;93
2017-10-20T19:00:00;11;100;101818;54;56;81
2017-10-20T23:00:00;11;94;101759;48;50;76
2017-10-21T03:00:00;9;97;101646;36;37;64
2017-10-21T07:00:00;9;100;101675;39;39;67
2017-10-21T11:00:00;13;88;101607;37;38;65
2017-10-21T15:00:00;12;90;101641;40;41;70
2017-10-21T19:00:00;8;100;101761;64;67;96
2017-10-21T23:00:00;8;100;101746;42;43;74
2017-10-22T03:00:00;8;97;101634;37;39;66
2017-10-22T07:00:00;8;94;101552;33;33;56
2017-10-22T11:00:00;9;92;101450;35;34;58
2017-10-22T15:00:00;10;94;101402;38;39;66
2017-10-22T19:00:00;10;94;101395;37;37;63
2017-10-22T23:00:00;9;100;101303;44;45;75
2017-10-23T03:00:00;9;94;101175;32;32;54
2017-10-23T07:00:00;9;90;101185;24;22;36
2017-10-23T11:00:00;9;90;101216;20;18;30
2017-10-23T15:00:00;9;92;101346;23;20;33
2017-10-23T19:00:00;8;92;101613;14;12;20
2017-10-23T23:00:00;7;92;101864;10;8;14
2017-10-24T03:00:00;6;94;102077;11;9;15
2017-10-24T07:00:00;6;92;102364;18;17;28
2017-10-24T11:00:00;7;90;102522;22;20;33
2017-10-24T15:00:00;6;90;102618;20;18;30
2017-10-24T19:00:00;5;90;102716;30;29;49
2017-10-24T23:00:00;5;94;102691;23;21;35
2017-10-25T03:00:00;3;100;102558;26;25;42
2017-10-25T08:00:00;7;101;102430;26;25;42
2017-10-25T12:00:00;9;88;102261;29;28;49
2017-10-25T16:00:00;9;94;102132;41;41;68
2017-10-25T20:00:00;11;92;102163;44;44;73
2017-10-26T00:00:00;11;90;102236;17;15;25
2017-10-26T04:00:00;11;92;102323;22;20;34
2017-10-26T08:00:00;13;86;102353;22;20;34
2017-10-26T12:00:00;14;70;102189;8;8;13
2017-10-26T16:00:00;11;85;102083;22;20;33
2017-10-26T20:00:00;12;85;101924;36;36;62
2017-10-27T00:00:00;11;90;101720;30;29;50
2017-10-27T04:00:00;10;94;101433;23;21;36
2017-10-27T08:00:00;8;94;101279;12;10;17
2017-10-27T12:00:00;10;90;101187;23;20;33
2017-10-27T16:00:00;7;90;101338;16;14;23
2017-10-27T20:00:00;8;92;101526;16;14;24
2017-10-28T00:00:00;6;90;101706;1;1;3
2017-10-28T04:00:00;5;92;101545;8;8;13
2017-10-28T08:00:00;6;92;101337;11;9;15
2017-10-28T12:00:00;7;90;100914;13;12;20
2017-10-28T16:00:00;6;94;100755;18;16;26
2017-10-28T20:00:00;7;79;100508;13;11;18
2017-10-29T00:00:00;7;76;99994;9;8;14
2017-10-29T04:00:00;5;92;99087;0;0;0
2017-10-29T08:00:00;7;88;98486;0;0;1
2017-10-29T12:00:00;5;85;98537;3;2;4
2017-10-29T16:00:00;5;74;99536;3;2;4
2017-10-29T20:00:00;2;91;100154;1;1;3
2017-10-30T00:00:00;2;93;100298;2;2;3
2017-10-30T04:00:00;3;94;100609;0;0;1
2017-10-30T08:00:00;3;90;100921;3;2;4
2017-10-30T12:00:00;5;60;101070;2;2;4
2017-10-30T16:00:00;2;73;101551;6;6;10
2017-10-30T20:00:00;0;95;101850;25;23;38
2017-10-31T00:00:00;0;94;101951;23;21;34
2017-10-31T04:00:00;0;86;102028;12;10;16
2017-10-31T08:00:00;3;95;102169;14;11;19
2017-10-31T12:00:00;5;63;102134;5;5;8
2017-10-31T16:00:00;2;94;102233;24;22;36
2017-10-31T20:00:00;2;94;102290;42;43;72
2017-11-01T00:00:00;4;89;102196;25;23;38
2017-11-01T04:00:00;4;94;102143;16;14;24
2017-11-01T09:00:00;6;74;102066;7;7;10
2017-11-01T13:00:00;8;70;101894;11;9;15
2017-11-01T17:00:00;7;76;101845;24;22;36
2017-11-01T21:00:00;6;90;101794;17;15;25
2017-11-02T01:00:00;7;85;101643;12;10;17
2017-11-02T05:00:00;6;90;101422;14;12;20
2017-11-02T09:00:00;9;83;101246;17;15;24
2017-11-02T13:00:00;10;88;100928;8;7;12
2017-11-02T17:00:00;9;90;101037;29;28;48
2017-11-02T21:00:00;8;94;101175;31;29;51
2017-11-03T01:00:00;7;94;101305;28;26;46
2017-11-03T05:00:00;7;97;101419;31;30;52
2017-11-03T10:00:00;8;92;101710;11;9;16
2017-11-03T15:00:00;8;88;101884;27;25;43
2017-11-03T19:00:00;8;90;102021;48;49;77
2017-11-04T00:00:00;6;94;102014;53;53;81
2017-11-04T04:00:00;1;100;101942;42;43;72
2017-11-04T08:00:00;5;88;101998;36;36;60
2017-11-04T12:00:00;11;65;101752;12;11;17
2017-11-04T16:00:00;7;88;101679;28;26;44
2017-11-04T20:00:00;4;87;101655;45;45;75
2017-11-05T00:00:00;2;94;101596;78;80;111
2017-11-05T04:00:00;0;84;101441;47;47;78
2017-11-05T08:00:00;7;85;101371;24;21;34
2017-11-05T12:00:00;13;55;101166;9;7;12
2017-11-05T16:00:00;9;72;101050;28;26;45
2017-11-05T20:00:00;6;87;101111;39;39;65
2017-11-06T00:00:00;4;92;101305;43;43;72
2017-11-06T04:00:00;3;94;101465;44;45;75
2017-11-06T08:00:00;8;82;101755;40;40;67
2017-11-06T12:00:00;12;70;101871;33;32;55
2017-11-06T16:00:00;8;85;102068;50;51;78
2017-11-06T20:00:00;8;88;102309;25;23;39
2017-11-07T00:00:00;6;92;102408;26;25;43
2017-11-07T04:00:00;7;94;102383;27;26;45
2017-11-07T08:00:00;7;94;102445;44;46;76
2017-11-07T14:00:00;7;76;102322;30;29;51
2017-11-07T18:00:00;6;90;102319;38;39;67
2017-11-07T22:00:00;5;85;102261;37;38;65
2017-11-08T02:00:00;5;85;102165;21;20;33
2017-11-08T06:00:00;4;89;102179;23;21;35
2017-11-08T10:00:00;4;89;102177;24;23;38
2017-11-08T16:00:00;4;87;102124;29;28;46
2017-11-08T20:00:00;4;85;102164;28;26;44
2017-11-09T00:00:00;4;89;102174;37;38;64
2017-11-09T04:00:00;4;92;102140;39;41;68
2017-11-09T08:00:00;4;92;102236;40;41;69
2017-11-09T14:00:00;6;90;102136;64;68;97
2017-11-09T18:00:00;6;92;102186;82;87;123
2017-11-09T22:00:00;7;90;102153;36;37;64
2017-11-10T02:00:00;6;92;102043;36;36;62
2017-11-10T06:00:00;6;90;101890;28;27;45
2017-11-10T10:00:00;8;80;101743;18;17;28
2017-11-10T14:00:00;7;75;101424;18;17;27
2017-11-10T18:00:00;7;69;101238;15;13;23
2017-11-10T22:00:00;6;76;100990;13;11;19
2017-11-11T02:00:00;5;84;100934;3;3;5
2017-11-11T06:00:00;3;89;101034;6;6;10
2017-11-11T10:00:00;5;76;101044;4;4;7
2017-11-11T14:00:00;4;80;100952;9;8;13
2017-11-11T18:00:00;4;71;100758;7;7;12
2017-11-11T22:00:00;3;86;100560;7;6;11
2017-11-12T02:00:00;3;94;100475;4;4;7
2017-11-12T06:00:00;2;92;100737;8;8;14
2017-11-12T10:00:00;4;80;100751;8;8;13
2017-11-12T14:00:00;5;78;100464;11;10;16
2017-11-12T18:00:00;3;87;100139;30;28;46
2017-11-13T00:00:00;4;100;99913;26;23;38
2017-11-13T04:00:00;4;94;100046;16;14;24
2017-11-13T08:00:00;3;92;100490;12;11;18
2017-11-13T12:00:00;2;89;100859;15;13;22
2017-11-13T16:00:00;2;94;101198;38;38;62
2017-11-13T20:00:00;3;94;101506;40;41;69
2017-11-14T00:00:00;2;94;101757;27;25;40
2017-11-14T04:00:00;1;99;101969;30;29;49
2017-11-14T08:00:00;4;87;102293;20;17;29
2017-11-14T12:00:00;4;85;102340;11;10;16
2017-11-14T16:00:00;4;85;102469;32;31;54
2017-11-14T20:00:00;0;94;102571;69;73;107
2017-11-15T00:00:00;0;94;102602;88;94;130
2017-11-15T04:00:00;-2;94;102633;87;93;130
2017-11-15T08:00:00;0;90;102798;55;56;90
2017-11-15T12:00:00;5;86;102713;33;32;54
2017-11-15T16:00:00;3;89;102752;43;44;72
2017-11-15T20:00:00;2;94;102808;87;91;127
2017-11-16T00:00:00;0;91;102777;81;83;116
2017-11-16T04:00:00;-2;100;102788;84;87;121
2017-11-16T08:00:00;1;97;102807;94;99;137
2017-11-16T12:00:00;7;74;102623;18;17;29
2017-11-16T16:00:00;3;81;102536;36;35;60
2017-11-16T20:00:00;1;86;102437;62;63;93
2017-11-17T00:00:00;2;89;102330;64;66;95
2017-11-17T04:00:00;2;92;102288;73;76;106
2017-11-17T09:00:00;3;97;102316;71;74;104
2017-11-17T14:00:00;4;92;102273;42;43;72
2017-11-17T18:00:00;4;94;102295;54;56;86
2017-11-17T22:00:00;4;100;102270;57;60;90
2017-11-18T02:00:00;4;94;102096;40;41;69
2017-11-18T06:00:00;3;89;102072;14;13;22
2017-11-18T10:00:00;3;85;101900;15;13;23
2017-11-18T14:00:00;3;88;101625;27;25;41
2017-11-18T18:00:00;2;91;101384;46;48;79
2017-11-18T22:00:00;3;81;101153;22;21;34
2017-11-19T02:00:00;2;89;101081;16;15;26
2017-11-19T06:00:00;1;92;101043;15;13;22
2017-11-19T10:00:00;3;89;100965;13;11;19
2017-11-19T14:00:00;4;69;100888;10;10;16
2017-11-19T18:00:00;2;75;100889;26;23;38
2017-11-19T22:00:00;2;91;100815;10;9;15
2017-11-20T02:00:00;0;94;100935;5;4;7
2017-11-20T06:00:00;0;91;101130;8;7;13
2017-11-20T10:00:00;2;76;101414;5;5;9
2017-11-20T14:00:00;1;85;101413;13;11;19
2017-11-20T18:00:00;1;93;101425;33;32;53
2017-11-20T22:00:00;1;95;101441;32;32;53
2017-11-21T02:00:00;1;100;101404;21;19;31
2017-11-21T06:00:00;2;94;101411;29;27;44
2017-11-21T10:00:00;3;92;101380;35;35;57
2017-11-21T14:00:00;3;89;101265;32;31;52
2017-11-21T19:00:00;3;94;101215;36;35;59
2017-11-21T23:00:00;3;100;101217;43;43;73
2017-11-22T03:00:00;3;100;101224;37;37;63
2017-11-22T07:00:00;4;100;101231;31;30;51
2017-11-22T12:00:00;5;94;101226;50;53;86
2017-11-22T16:00:00;6;94;101400;46;47;76
2017-11-22T20:00:00;6;100;101472;47;47;77
2017-11-23T00:00:00;3;97;101493;48;48;79
2017-11-23T04:00:00;0;90;101478;53;54;88
2017-11-23T09:00:00;5;92;101490;44;45;74
2017-11-23T13:00:00;10;83;101416;42;43;70
2017-11-23T17:00:00;4;97;101536;71;72;101
2017-11-23T21:00:00;3;94;101669;69;72;103
2017-11-24T01:00:00;1;94;101751;48;50;84
2017-11-24T05:00:00;0;93;101739;53;54;87
2017-11-24T10:00:00;7;88;101694;39;39;66
2017-11-24T14:00:00;8;83;101603;44;45;75
2017-11-24T18:00:00;5;97;101608;84;88;122
2017-11-24T22:00:00;2;100;101622;131;141;193
2017-11-25T02:00:00;2;94;101536;129;139;190
2017-11-25T06:00:00;0;80;101380;108;116;159
2017-11-25T10:00:00;9;83;100992;44;44;74
2017-11-25T14:00:00;9;69;100748;16;14;24
2017-11-25T18:00:00;10;73;100832;17;15;24
2017-11-25T22:00:00;7;94;101117;27;25;41
2017-11-26T02:00:00;6;90;101343;21;19;31
2017-11-26T06:00:00;2;94;101727;3;3;5
2017-11-26T10:00:00;3;91;101872;11;10;17
2017-11-26T14:00:00;3;97;101990;20;18;29
2017-11-26T19:00:00;1;89;102136;40;41;68
2017-11-26T23:00:00;0;98;102184;58;60;95
2017-11-27T03:00:00;0;93;102206;56;59;93
2017-11-27T07:00:00;0;96;102270;41;42;70
2017-11-27T11:00:00;1;97;102252;33;32;54
2017-11-27T15:00:00;2;94;102119;37;37;62
2017-11-27T19:00:00;0;94;101995;47;48;79
2017-11-27T23:00:00;-3;97;101744;41;42;70
2017-11-28T03:00:00;-3;94;101516;17;14;24
2017-11-28T07:00:00;-2;91;101382;48;49;81
2017-11-28T11:00:00;3;76;101127;12;11;18
2017-11-28T16:00:00;2;85;101007;28;26;41
2017-11-28T20:00:00;0;94;101019;91;95;131
2017-11-29T00:00:00;0;85;101009;98;104;144
2017-11-29T04:00:00;1;90;100938;30;29;47
2017-11-29T08:00:00;0;99;100925;41;41;68
2017-11-29T12:00:00;1;100;100843;52;52;84
2017-11-29T16:00:00;1;100;100881;79;83;116
2017-11-29T20:00:00;0;93;100863;91;96;132
2017-11-30T00:00:00;0;94;100720;73;76;106
2017-11-30T04:00:00;0;95;100440;31;31;52
2017-11-30T08:00:00;0;99;100174;25;23;37
2017-11-30T12:00:00;0;99;99794;31;29;48
2017-11-30T16:00:00;0;98;99862;56;59;94
2017-11-30T20:00:00;0;97;100203;35;34;57
2017-12-01T00:00:00;0;97;100598;28;26;42
2017-12-01T04:00:00;0;89;100916;17;15;24
2017-12-01T08:00:00;1;86;101228;33;33;56
2017-12-01T12:00:00;1;89;101434;30;29;48
2017-12-01T16:00:00;0;94;101701;43;43;72
2017-12-01T20:00:00;-3;97;101940;78;83;115
2017-12-02T00:00:00;-5;97;102084;117;126;174
2017-12-02T04:00:00;-5;100;102286;78;84;122
2017-12-02T08:00:00;-2;94;102436;78;84;124
2017-12-02T12:00:00;-1;94;102465;47;50;83
2017-12-02T16:00:00;-1;100;102513;57;60;96
2017-12-02T20:00:00;-1;100;102560;62;65;100
2017-12-03T00:00:00;-1;97;102510;36;37;62
2017-12-03T04:00:00;-1;94;102316;29;28;45
2017-12-03T08:00:00;0;95;102258;32;32;53
2017-12-03T12:00:00;0;100;102024;31;30;49
2017-12-03T16:00:00;0;116;102025;35;35;59
2017-12-03T20:00:00;0;114;102030;44;46;75
2017-12-04T00:00:00;-1;91;101932;49;51;84
2017-12-04T04:00:00;-2;82;101783;17;14;24
2017-12-04T08:00:00;0;91;101770;25;23;38
2017-12-04T14:00:00;0;92;101756;29;27;43
2017-12-04T18:00:00;0;97;101993;36;36;60
2017-12-04T22:00:00;0;98;102268;33;32;54
2017-12-05T02:00:00;0;89;102447;19;17;28
2017-12-05T06:00:00;0;89;102533;19;17;28
2017-12-05T10:00:00;2;80;102532;24;22;36
2017-12-05T14:00:00;0;97;102443;28;26;42
2017-12-05T18:00:00;2;94;102373;32;31;51
2017-12-05T22:00:00;2;94;102354;25;23;38
2017-12-06T02:00:00;2;94;102368;14;12;20
2017-12-06T06:00:00;2;92;102396;16;14;23
2017-12-06T10:00:00;3;89;102366;23;21;34
2017-12-06T15:00:00;3;85;102365;26;24;40
2017-12-06T19:00:00;2;94;102376;30;29;49
2017-12-07T00:00:00;3;84;102380;21;19;31
2017-12-07T04:00:00;3;93;102356;16;14;23
2017-12-07T08:00:00;3;95;102291;20;17;29
2017-12-07T12:00:00;4;95;101938;20;18;29
2017-12-07T16:00:00;1;89;101717;48;48;79
2017-12-07T20:00:00;1;104;101527;59;61;95
2017-12-08T00:00:00;1;74;101242;17;15;26
2017-12-08T04:00:00;0;83;100956;37;37;61
2017-12-08T08:00:00;4;59;100852;17;15;24
2017-12-08T12:00:00;4;93;100767;17;15;24
2017-12-08T16:00:00;4;85;100782;27;24;40
2017-12-08T20:00:00;3;94;100892;27;25;40
2017-12-09T00:00:00;1;97;100804;38;38;63
2017-12-09T04:00:00;1;94;100754;35;34;58
2017-12-09T08:00:00;1;89;100837;25;23;38
2017-12-09T12:00:00;1;77;100794;21;19;31
2017-12-09T16:00:00;0;96;100809;38;39;64
2017-12-09T20:00:00;0;85;100911;40;41;67
2017-12-10T00:00:00;0;91;100954;16;13;22
2017-12-10T04:00:00;0;92;100961;14;12;20
2017-12-10T08:00:00;0;92;100885;13;11;18
2017-12-10T12:00:00;2;54;100408;10;9;14
2017-12-10T16:00:00;0;56;99844;16;14;23
2017-12-10T20:00:00;2;54;99453;10;9;15
2017-12-11T00:00:00;3;66;99540;1;1;3
2017-12-11T04:00:00;3;64;99525;1;1;2
2017-12-11T08:00:00;6;80;99706;14;13;21
2017-12-11T12:00:00;8;65;99603;8;8;13
2017-12-11T16:00:00;9;61;99515;14;12;19
2017-12-11T20:00:00;6;110;99500;7;6;9
2017-12-12T00:00:00;6;108;99444;3;3;5
2017-12-12T04:00:00;7;107;99563;2;2;4
2017-12-12T08:00:00;13;60;100040;7;7;12
2017-12-12T12:00:00;9;74;100543;6;5;9
2017-12-12T16:00:00;6;68;100965;10;9;15
2017-12-12T20:00:00;4;66;101411;15;12;21
2017-12-13T00:00:00;1;99;101598;14;12;19
2017-12-13T04:00:00;1;99;101695;12;11;17
2017-12-13T08:00:00;2;80;101840;22;20;32
2017-12-13T12:00:00;4;64;101610;20;18;30
2017-12-13T16:00:00;1;78;101348;40;41;67
2017-12-13T20:00:00;-2;89;100991;47;48;79
2017-12-14T00:00:00;0;92;100391;27;25;41
2017-12-14T04:00:00;0;97;99958;18;15;25
2017-12-14T08:00:00;2;75;99856;34;33;54
2017-12-14T12:00:00;6;64;99720;1;1;2
2017-12-14T17:00:00;0;100;100209;8;7;12
2017-12-14T21:00:00;0;100;100167;8;7;13
2017-12-15T01:00:00;-1;87;100011;16;13;22
2017-12-15T05:00:00;0;85;99817;15;13;21
2017-12-15T09:00:00;1;87;99797;42;42;67
2017-12-15T13:00:00;5;77;99847;17;15;25
2017-12-15T17:00:00;1;80;100098;17;19;31
2017-12-15T21:00:00;1;85;100245;30;38;65
2017-12-16T01:00:00;0;94;100192;39;52;86
2017-12-16T05:00:00;0;94;100226;41;54;88
2017-12-16T09:00:00;0;92;100424;36;47;77
2017-12-16T13:00:00;1;78;100680;37;49;82
2017-12-16T17:00:00;1;85;101059;77;105;147
2017-12-16T21:00:00;0;86;101225;61;82;115
2017-12-17T01:00:00;-1;89;101396;46;62;98
2017-12-17T05:00:00;-2;94;101540;33;43;72
2017-12-17T09:00:00;0;97;101763;36;47;77
2017-12-17T13:00:00;2;85;101791;22;27;43
2017-12-17T17:00:00;0;94;102001;70;93;128
2017-12-17T21:00:00;0;94;102166;88;120;166
2017-12-18T01:00:00;-1;94;102223;83;113;157
2017-12-18T05:00:00;0;94;102310;46;61;97
2017-12-18T09:00:00;0;92;102460;35;46;77
2017-12-18T13:00:00;0;86;102513;27;34;57
2017-12-18T17:00:00;0;89;102627;32;42;71
2017-12-18T21:00:00;0;85;102747;26;34;57
2017-12-19T02:00:00;-3;89;102867;24;30;48
2017-12-19T06:00:00;-2;86;102944;30;39;65
2017-12-19T10:00:00;-1;86;103029;33;44;73
2017-12-19T14:00:00;-2;84;102973;22;27;43
2017-12-19T18:00:00;0;105;103029;43;58;94
2017-12-19T22:00:00;0;102;103085;43;57;94
2017-12-20T02:00:00;0;103;103083;49;65;101
2017-12-20T06:00:00;-2;91;103132;48;65;102
2017-12-20T10:00:00;0;87;103154;32;42;70
2017-12-20T14:00:00;0;86;103108;40;55;91
2017-12-20T18:00:00;0;89;103155;32;42;71
2017-12-20T22:00:00;0;94;103203;31;41;69
2017-12-21T02:00:00;0;89;103135;34;44;74
2017-12-21T06:00:00;-1;94;103063;30;39;65
2017-12-21T10:00:00;0;87;102814;31;40;66
2017-12-21T14:00:00;0;88;102528;30;38;63
2017-12-21T18:00:00;1;97;102503;17;19;31
2017-12-21T22:00:00;2;94;102634;28;36;60
2017-12-22T02:00:00;2;89;102732;22;27;44
2017-12-22T06:00:00;1;97;102724;18;21;36
2017-12-22T11:00:00;2;94;102608;24;29;49
2017-12-22T15:00:00;1;93;102602;23;26;43
2017-12-22T19:00:00;1;94;102595;17;19;31
2017-12-22T23:00:00;2;89;102624;12;14;23
2017-12-23T03:00:00;1;94;102550;7;9;15
2017-12-23T07:00:00;1;94;102539;13;15;25
2017-12-23T11:00:00;2;89;102217;20;23;38
2017-12-23T15:00:00;3;89;101867;17;20;33
2017-12-23T19:00:00;4;92;101808;18;21;35
2017-12-23T23:00:00;6;90;101676;14;16;27
2017-12-24T03:00:00;6;84;101663;6;8;13
2017-12-24T08:00:00;6;84;101749;7;9;15
2017-12-24T12:00:00;6;94;101810;10;11;20
2017-12-24T16:00:00;6;94;101794;14;16;27
2017-12-24T20:00:00;6;87;101779;9;10;17
2017-12-25T00:00:00;5;86;101827;6;7;12
